Neighbourhood,Pets,Tenant_Parking,Building_features,Property_features,Listing_Type,Sq_Feet,Baths,Beds,Rent_Monthly,Fulldescription_len
Skyview,1,1,2,7,Apartment,873,1.0,2,1433,1019
Skyview,1,1,2,7,Apartment,1015,2.0,2,1499,1019
Skyview,1,1,2,7,Apartment,946,2.0,1,1348,1019
Skyview,1,1,2,7,Apartment,878,1.0,2,1435,1019
Taradale,0,1,2,14,Condo,960,2.0,2,1350,315
West Hillhurst,0,0,0,19,House,800,1.0,2,1750,1210
Varsity,0,0,22,15,Condo,1100,1.5,1,1500,784
Skyview,1,1,2,7,Apartment,678,1.0,1,1199,985
Skyview,1,1,2,7,Apartment,981,2.0,2,1350,985
Skyview,1,1,2,7,Apartment,676,1.0,1,1222,985
Skyview,1,1,2,7,Apartment,1021,2.0,2,1488,985
Skyview,1,1,2,7,Apartment,1307,2.0,3,1707,985
Skyview,1,1,2,7,Apartment,678,1.0,1,1199,985
Arbour Lake,1,1,0,13,House,3000,3.5,6,2500,997
Parkhill-Stanley Park,1,1,1,11,Condo,1000,2.0,2,1750,912
Capitol Hill,1,1,2,12,Apartment,426,1.0,1,1010,2033
Capitol Hill,1,1,2,12,Apartment,421,1.0,1,1158,2033
Capitol Hill,1,1,2,12,Apartment,426,1.0,1,1172,2033
Capitol Hill,1,1,2,12,Apartment,426,1.0,1,1172,2033
Capitol Hill,1,1,2,12,Apartment,593,1.0,2,1275,2033
Capitol Hill,1,1,2,12,Apartment,593,1.0,2,1275,2033
Capitol Hill,1,1,2,12,Apartment,593,1.0,2,1275,2033
Capitol Hill,1,1,2,12,Apartment,593,1.0,2,1305,2033
Capitol Hill,1,1,2,12,Apartment,593,1.0,2,1394,2033
Capitol Hill,1,1,2,12,Apartment,635,1.0,2,1428,2033
Capitol Hill,1,1,2,12,Apartment,749,1.0,2,1750,2033
Altadore,0,0,1,11,Apartment,1000,1.0,2,925,606
Scarboro,1,1,0,10,House,1200,2.0,5,2050,530
Spruce Cliff,1,1,2,5,Apartment,945,1.0,2,1324,1796
Spruce Cliff,1,1,2,5,Apartment,945,1.0,2,1435,1796
Spruce Cliff,1,1,2,5,Apartment,945,1.0,2,1519,1796
Spruce Cliff,1,1,2,5,Apartment,756,1.0,1,1249,1796
Spruce Cliff,1,1,2,5,Apartment,756,1.0,1,1269,1796
Spruce Cliff,1,1,2,5,Apartment,756,1.0,1,1449,1796
Spruce Cliff,1,1,2,5,Apartment,945,1.0,2,1649,1796
University Heights,1,1,2,4,Apartment,650,1.0,1,1179,1793
University Heights,1,1,2,4,Apartment,825,1.0,2,1229,1793
University Heights,1,1,2,4,Apartment,650,1.0,1,945,1793
University Heights,1,1,2,4,Apartment,825,1.0,2,1329,1793
University Heights,1,1,2,4,Apartment,650,1.0,1,1229,1793
University Heights,1,1,2,4,Apartment,650,1.0,1,1309,1793
University Heights,1,1,2,4,Apartment,825,1.0,2,1459,1793
University Heights,1,1,2,4,Apartment,825,1.0,2,1559,1793
Beltline,1,1,0,3,Apartment,700,1.0,1,1375,1768
Beltline,1,1,0,3,Apartment,793,1.0,2,1470,1768
Rundle,0,0,0,12,Townhouse,864,1.0,2,1000,1059
Forest Lawn,0,0,0,13,Basement,600,1.0,1,950,675
Rosscarrock,1,0,0,7,Apartment,600,1.0,1,999,2948
Rosscarrock,1,0,0,7,Apartment,750,1.0,2,1125,2948
Banff Trail,0,0,0,9,Basement,1150,1.0,3,1200,547
Kelvin Grove,1,0,0,11,Apartment,620,1.0,1,1125,2848
Kelvin Grove,1,0,0,11,Apartment,842,1.0,2,1275,2848
Kelvin Grove,1,0,0,11,Apartment,842,1.0,2,1450,2848
Kelvin Grove,1,0,0,11,Apartment,864,1.0,2,950,2848
Downtown,1,1,3,6,Apartment,400,1.0,1,999,2668
Downtown,1,1,3,6,Apartment,690,1.0,2,1450,2668
Downtown,1,1,3,6,Apartment,300,1.0,2,925,2668
Brentwood,1,1,2,3,Apartment,527,1.0,1,1066,1837
Brentwood,1,1,2,3,Apartment,527,1.0,1,1121,1837
Brentwood,1,1,2,3,Apartment,657,1.0,2,1192,1837
Brentwood,1,1,2,3,Apartment,657,1.0,2,1390,1837
Brentwood,1,1,2,3,Apartment,527,1.0,1,2889,1837
Brentwood,1,1,2,3,Apartment,657,1.0,2,3249,1837
Cliff Bungalow,0,0,4,7,Apartment,864,1.0,2,1375,892
Bankview,1,0,0,5,Apartment,497,1.0,1,1125,2009
Bankview,1,0,0,5,Apartment,782,1.0,2,1100,2009
Altadore,1,0,0,7,Apartment,542,1.0,1,1125,2374
Altadore,1,0,0,7,Apartment,788,1.0,2,1219,2374
Altadore,1,0,1,12,Apartment,864,1.0,1,995,1418
Downtown,1,1,13,13,Apartment,560,1.0,1,1449,4252
Downtown,1,1,13,13,Apartment,567,1.0,1,1505,4252
Downtown,1,1,13,13,Apartment,600,1.0,1,1599,4252
Downtown,1,1,13,13,Apartment,723,1.0,1,1815,4252
Downtown,1,1,13,13,Apartment,842,2.0,2,2199,4252
Beltline,1,0,0,5,Apartment,528,1.0,1,899,2642
Beltline,1,0,0,5,Apartment,864,1.0,2,1175,2642
Bankview,1,0,0,5,Apartment,864,1.0,1,950,3092
Bankview,1,0,0,5,Apartment,864,1.0,1,1125,3092
Bankview,1,0,0,5,Apartment,864,1.0,2,1150,3092
Bankview,1,0,0,5,Apartment,864,1.0,2,1325,3092
Sunalta,1,1,0,7,Apartment,489,1.0,1,1085,2759
Sunalta,1,1,0,7,Apartment,989,1.0,2,1299,2759
Bankview,1,1,0,5,Apartment,629,1.0,1,999,2926
Kingsland,1,0,0,8,Apartment,680,1.0,1,1085,1769
Kingsland,1,0,0,8,Apartment,865,1.0,2,1190,1769
South Calgary,1,0,0,5,Apartment,550,1.0,1,925,2655
South Calgary,1,0,0,5,Apartment,550,1.0,1,1125,2655
Beltline,1,1,17,12,Condo,1085,2.0,2,1800,1388
Downtown,1,0,2,1,Apartment,864,1.0,1,1096,1526
Downtown,1,0,2,1,Apartment,646,1.0,1,1186,1526
Downtown,1,0,2,1,Apartment,796,1.0,2,1394,1526
Downtown,1,0,2,1,Apartment,861,2.0,2,1524,1526
Downtown,1,0,2,1,Apartment,872,2.0,2,1554,1526
Downtown,1,0,2,1,Apartment,1119,2.0,2,1994,1526
Downtown,1,0,2,1,Apartment,775,1.0,1,1234,1526
Bankview,1,1,0,6,Apartment,631,1.0,1,1025,3091
Bankview,1,1,0,6,Apartment,824,1.0,2,1175,3091
Bankview,1,1,0,6,Apartment,420,1.0,2,950,3091
Sunalta,0,1,0,8,Apartment,864,1.0,1,999,2965
Sunalta,0,1,0,8,Apartment,708,1.0,2,1325,2965
Connaught,1,1,9,6,Apartment,549,1.0,1,1373,1137
Connaught,1,1,9,6,Apartment,507,1.0,1,1423,1137
Connaught,1,1,9,6,Apartment,612,1.0,1,1636,1137
Connaught,1,1,9,6,Apartment,629,1.0,1,1706,1137
Connaught,1,1,9,6,Apartment,636,1.0,1,1711,1137
Connaught,1,1,9,6,Apartment,611,1.0,1,1726,1137
Connaught,1,1,9,6,Apartment,772,1.0,2,1811,1137
Connaught,1,1,9,6,Apartment,910,2.0,2,1944,1137
Connaught,1,1,9,6,Apartment,729,1.0,2,1762,1137
Downtown,1,1,8,20,Condo,900,2.0,2,1740,1168
Triwood,1,0,1,5,Apartment,608,1.0,1,1075,2321
Triwood,1,0,1,5,Apartment,741,1.0,2,1225,2321
Triwood,1,0,1,5,Apartment,864,1.0,2,845,2321
Scarboro,1,1,0,5,Apartment,519,1.0,1,999,2610
Scarboro,1,1,0,5,Apartment,335,1.0,2,875,2610
Beltline,1,1,4,7,Apartment,752,2.0,2,1650,1909
Beltline,1,1,4,7,Apartment,559,1.0,1,1250,1909
Beltline,1,1,4,7,Apartment,564,1.0,1,1250,1909
Beltline,1,1,4,7,Apartment,546,1.0,1,1300,1909
South Calgary,1,0,0,5,Apartment,464,1.0,1,850,3106
South Calgary,1,0,0,5,Apartment,837,1.0,2,1150,3106
South Calgary,1,0,0,5,Apartment,450,1.0,2,825,3106
Cougar Ridge,1,1,0,9,Apartment,612,1.0,1,1466,2217
Cougar Ridge,1,1,0,9,Apartment,622,1.0,1,1557,2217
Cougar Ridge,1,1,0,9,Apartment,848,2.0,2,1792,2217
Cougar Ridge,1,1,0,9,Apartment,976,2.0,2,2199,2217
Cougar Ridge,1,1,0,9,Apartment,539,1.0,2,1282,2217
Bowness,1,1,0,7,Apartment,595,1.0,1,999,3084
Bowness,1,1,0,7,Apartment,700,1.0,2,1125,3084
Downtown,0,1,20,10,Condo,550,1.0,1,1400,2301
Bowness,1,0,0,6,Townhouse,1314,1.0,2,1350,2260
Bowness,1,0,0,6,Townhouse,1514,1.5,3,1500,2260
Bowness,1,0,0,6,Townhouse,1714,1.5,4,1650,2260
Mount Pleasant,0,0,0,20,House,1375,1.5,2,2875,1562
Varsity,1,0,2,3,Apartment,580,1.0,1,1369,1969
Varsity,1,0,2,3,Apartment,580,1.0,1,1409,1969
Varsity,1,0,2,3,Apartment,770,1.0,1,1829,1969
Varsity,1,0,2,3,Apartment,1100,1.0,1,2019,1969
Varsity,1,0,2,3,Apartment,850,1.0,2,1699,1969
Varsity,1,0,2,3,Apartment,800,1.0,2,1569,1969
Varsity,1,0,2,3,Apartment,800,1.0,2,1789,1969
Varsity,1,0,2,3,Apartment,800,1.0,2,1879,1969
Varsity,1,0,2,3,Apartment,1030,1.5,3,1699,1969
Varsity,1,0,2,3,Apartment,1030,1.0,3,1729,1969
Varsity,1,0,2,3,Apartment,1030,1.0,3,1899,1969
Varsity,1,0,2,3,Apartment,1030,1.5,3,1979,1969
Panorama Hills,0,1,0,13,House,1552,2.5,3,1750,1519
Downtown,1,1,18,4,Apartment,492,1.0,1,900,2377
Downtown,1,1,18,4,Apartment,586,1.0,1,910,2377
Downtown,1,1,18,4,Apartment,586,1.0,1,940,2377
Downtown,1,1,18,4,Apartment,653,1.0,1,940,2377
Downtown,1,1,18,4,Apartment,763,1.0,2,1195,2377
Downtown,1,1,18,4,Apartment,1376,2.0,2,2445,2377
Sunalta,1,0,0,6,Main,864,1.0,1,1125,551
Downtown,1,1,16,10,Apartment,776,1.0,2,1778,2781
Downtown,1,1,16,10,Apartment,830,2.0,2,2010,2781
Downtown,1,1,16,10,Apartment,543,1.0,1,1348,2781
Downtown,1,1,16,10,Apartment,424,1.0,2,1278,2781
Downtown,1,1,16,10,Apartment,962,1.5,2,1728,2781
Coventry Hills,0,0,0,5,Main,864,1.0,2,1325,376
Vista Heights,1,0,0,10,Townhouse,864,1.5,2,1110,1823
Vista Heights,1,0,0,10,Townhouse,864,1.5,3,1160,1823
Bridgeland,1,0,0,8,Apartment,864,1.0,1,1050,3272
Bridgeland,1,0,0,8,Apartment,864,1.0,2,1375,3272
Beltline,1,1,16,10,Apartment,636,1.0,1,1150,2524
Beltline,1,1,16,10,Apartment,637,1.0,1,1150,2524
Beltline,1,1,16,10,Apartment,644,1.0,1,1150,2524
Beltline,1,1,16,10,Apartment,831,1.0,2,1400,2524
Beltline,1,1,16,10,Apartment,915,2.0,2,1400,2524
Beltline,1,1,10,10,Condo,864,1.0,2,1280,1149
Beltline,1,0,0,6,Apartment,450,1.0,1,975,2490
Lower Mount Royal,1,0,0,9,Apartment,644,1.0,1,1285,2390
Lower Mount Royal,1,0,0,9,Apartment,913,1.0,2,1550,2390
South Calgary,1,0,1,11,Apartment,550,1.0,1,1200,1397
South Calgary,1,0,1,11,Apartment,580,1.0,1,1250,1397
South Calgary,1,0,1,11,Apartment,850,1.0,2,1300,1397
South Calgary,1,0,1,11,Apartment,880,1.0,2,1300,1397
South Calgary,1,0,1,11,Apartment,880,1.0,2,1399,1397
South Calgary,1,0,1,11,Apartment,550,1.0,1,1200,1397
South Calgary,1,0,1,11,Apartment,580,1.0,1,1250,1397
South Calgary,1,0,1,11,Apartment,880,1.0,2,1350,1397
Dover,1,0,0,6,Apartment,550,1.0,1,1025,2117
Dover,1,0,0,6,Apartment,800,1.0,2,1175,2117
Beltline,1,1,3,7,Apartment,663,1.0,1,949,916
Beltline,1,1,3,7,Apartment,903,1.0,2,1300,916
Sunalta,0,1,2,14,Condo,864,1.0,2,1280,950
Killarney,0,0,0,6,Basement,400,1.0,2,650,1223
Bankview,1,1,3,16,Apartment,1050,1.0,2,1500,798
Sage Hill,0,0,3,15,Condo,610,1.0,1,1150,815
Huntington Hills,1,0,0,7,Apartment,633,1.0,1,1125,2974
Huntington Hills,1,0,0,7,Apartment,804,1.0,2,1150,2974
Huntington Hills,1,0,0,7,Apartment,388,1.0,2,925,2974
Mountview Parc,0,0,0,7,Duplex,930,1.0,2,940,1564
Bankview,1,1,0,6,Apartment,459,1.0,1,1150,2889
Bankview,1,1,0,6,Apartment,800,1.0,2,1375,2889
Windsor Park,1,1,0,6,Apartment,864,1.0,1,1075,2515
Windsor Park,1,1,0,6,Apartment,864,1.0,2,1350,2515
Downtown,1,1,10,13,Apartment,488,1.0,1,1450,3972
Downtown,1,1,10,13,Apartment,641,1.0,1,1699,3972
Downtown,1,1,10,13,Apartment,723,1.0,1,1815,3972
Downtown,1,1,10,13,Apartment,824,2.0,2,2199,3972
Downtown,1,1,10,13,Apartment,884,2.0,2,2289,3972
Fairview,1,0,0,6,Apartment,568,1.0,1,975,2596
Fairview,1,0,0,6,Apartment,803,1.0,2,1075,2596
Connaught,1,1,0,8,Apartment,550,1.0,1,950,2977
Connaught,1,1,0,8,Apartment,850,1.0,2,1450,2977
Connaught,1,1,0,8,Apartment,400,1.0,2,1000,2977
Haysboro,1,0,0,6,Apartment,455,1.0,1,1050,2445
Haysboro,1,0,0,6,Apartment,870,1.0,2,1350,2445
Haysboro,1,0,0,6,Apartment,949,1.0,3,1350,2445
Haysboro,1,0,0,6,Apartment,374,1.0,2,950,2445
Lower Mount Royal,1,0,0,7,Apartment,864,1.0,2,899,2616
Lower Mount Royal,1,0,0,7,Apartment,313,1.0,2,900,2616
Lower Mount Royal,1,0,0,7,Apartment,487,1.0,2,1200,2616
Dover Glen,1,0,0,6,Apartment,479,1.0,1,999,2284
Dover Glen,1,0,0,6,Apartment,785,1.0,2,1325,2284
Downtown,0,0,4,15,Condo,550,1.0,1,1100,815
Sunalta,1,1,1,8,Apartment,550,1.0,1,999,2686
Sunalta,1,1,1,8,Apartment,550,1.0,1,1150,2686
Mission,1,1,7,3,Apartment,754,1.0,1,1305,2033
Mission,1,1,7,3,Apartment,1024,2.0,2,1737,2033
Mission,1,1,7,3,Apartment,673,1.0,1,1340,2033
Eau Claire,1,1,6,6,Apartment,550,1.0,1,1095,1957
Eau Claire,1,1,6,6,Apartment,550,1.0,1,1175,1957
Eau Claire,1,1,6,6,Apartment,800,1.0,2,1395,1957
Pineridge,0,0,0,18,Townhouse,1300,1.5,3,1700,722
Windsor Park,0,1,6,9,Apartment,864,1.0,1,1750,2140
Windsor Park,0,1,6,9,Apartment,864,2.0,2,2000,2140
Windsor Park,0,1,6,9,Apartment,2021,1.0,1,1600,2140
Windsor Park,0,1,6,9,Apartment,864,1.0,1,1950,2140
Windsor Park,0,1,6,9,Townhouse,1120,2.0,2,2600,2140
Glamorgan,1,0,2,3,Apartment,588,1.0,1,987,1790
Glamorgan,1,0,2,3,Apartment,588,1.0,1,1069,1790
Glamorgan,1,0,2,3,Apartment,804,1.0,2,1053,1790
Glamorgan,1,0,2,3,Apartment,588,1.0,1,1059,1790
Glamorgan,1,0,2,3,Apartment,588,1.0,1,1239,1790
Glamorgan,1,0,2,3,Apartment,804,1.0,2,1169,1790
Glamorgan,1,0,2,3,Apartment,804,1.0,2,1309,1790
Glamorgan,1,0,2,3,Apartment,804,1.0,2,1309,1790
Glamorgan,1,0,2,3,Apartment,1068,1.0,3,1449,1790
Downtown,0,0,2,12,Condo,650,1.0,1,1400,1169
University Heights,0,0,0,16,House,2600,2.5,5,2500,957
Forest Lawn,1,0,0,5,Townhouse,904,1.0,2,1115,2552
Forest Lawn,1,0,0,5,Townhouse,904,1.0,2,1150,2552
Forest Lawn,1,0,0,5,Townhouse,1114,1.0,3,1200,2552
Forest Lawn,1,0,0,5,Townhouse,1114,1.0,3,1250,2552
Patterson,0,0,1,11,Apartment,824,1.0,1,1200,1486
Chinook Park,1,0,0,3,Apartment,864,1.0,2,1225,2600
Martindale,0,0,0,8,House,864,3.0,4,1650,1560
Inglewood,0,0,0,16,Shared,1600,2.5,3,550,403
Inglewood,1,0,0,7,Apartment,541,1.0,1,1050,2462
Inglewood,1,0,0,7,Apartment,354,1.0,2,1200,2462
Bridgeland,1,0,0,3,Apartment,532,1.0,1,999,2669
Bridgeland,1,0,0,3,Apartment,811,1.0,2,1150,2669
Bridgeland,1,0,0,3,Apartment,501,1.0,2,925,2669
Forest Lawn,1,0,0,6,Basement,864,1.0,2,775,747
Tuscany,1,1,0,23,House,1900,3.0,3,2495,973
Kingsland,1,1,8,0,Apartment,740,1.0,1,1127,2542
Kingsland,1,1,8,0,Apartment,740,1.0,1,1147,2542
Kingsland,1,1,8,0,Apartment,945,1.0,2,1182,2542
Kingsland,1,1,8,0,Apartment,740,1.0,1,1093,2542
Kingsland,1,1,8,0,Apartment,318,1.0,2,817,2542
Highland Park,1,1,3,10,Townhouse,910,1.0,2,1145,2609
Highland Park,1,1,3,10,Townhouse,1140,1.0,3,1375,2609
Bankview,1,0,0,3,Apartment,569,1.0,1,925,2049
Bankview,1,0,0,3,Apartment,760,1.0,2,1325,2049
Eau Claire,0,1,6,9,Apartment,600,1.0,1,1095,1448
Eau Claire,0,1,6,9,Apartment,600,1.0,1,1145,1448
Eau Claire,0,1,6,9,Apartment,750,1.0,1,1245,1448
Eau Claire,0,1,6,9,Apartment,600,1.0,1,995,1448
Falconridge,1,0,0,6,Apartment,500,1.0,1,999,2486
Falconridge,1,0,0,6,Apartment,800,1.0,2,1099,2486
Beltline,1,1,0,3,Apartment,620,1.0,1,1144,2495
Beltline,1,1,0,3,Apartment,865,1.0,2,1133,2495
Beltline,1,1,0,3,Apartment,900,1.5,2,1207,2495
Beltline,1,1,0,3,Apartment,700,1.0,1,1249,2495
East Village,0,1,6,12,Apartment,864,2.0,2,1880,849
Mission,0,0,1,7,Condo,550,1.0,1,1250,1597
Beltline,1,1,0,10,Condo,710,1.0,1,1400,810
Huntington Hills,1,0,2,3,Townhouse,982,1.0,3,1477,1768
Huntington Hills,1,0,2,3,Townhouse,982,1.0,3,1789,1768
Huntington Hills,1,0,2,3,Townhouse,776,1.0,2,1375,1768
Huntington Hills,1,0,2,3,Townhouse,1183,1.5,4,1699,1768
Huntington Hills,1,0,2,3,Townhouse,1183,1.5,4,1829,1768
Connaught,1,0,7,9,Apartment,655,1.0,1,1285,2315
Connaught,1,0,7,9,Apartment,998,1.5,2,1595,2315
Bankview,1,1,0,5,Apartment,450,1.0,1,999,3109
Bankview,1,1,0,5,Apartment,1000,1.0,2,1475,3109
Bankview,1,1,0,5,Apartment,1200,1.0,3,1700,3109
Saddle Ridge,0,0,0,8,Basement,864,1.0,1,800,457
Whitehorn,0,1,0,10,Duplex,1200,1.5,3,1450,865
Canyon Meadows,0,0,0,10,Townhouse,1200,1.0,2,1250,1392
Sunalta,1,0,0,8,Apartment,864,1.0,1,1025,2619
Sunalta,1,0,0,8,Apartment,864,1.0,2,1325,2619
North Glenmore Park,1,0,0,5,Apartment,500,1.0,1,1075,2632
North Glenmore Park,1,0,0,5,Apartment,840,1.0,2,1075,2632
Bankview,1,1,1,5,Apartment,614,1.0,1,920,2459
Bankview,1,1,1,5,Apartment,777,1.0,2,1350,2459
Lower Mount Royal,1,0,0,3,Apartment,550,1.0,1,1050,2415
Lower Mount Royal,1,0,0,3,Apartment,450,1.0,2,950,2415
Richmond/Knob Hill,1,1,13,25,Apartment,665,2.0,1,1429,3199
Richmond/Knob Hill,1,1,13,25,Apartment,665,2.0,2,1429,3199
Richmond/Knob Hill,1,1,13,25,Apartment,720,2.0,2,1540,3199
Richmond/Knob Hill,1,1,13,25,Apartment,725,2.0,2,1575,3199
Richmond/Knob Hill,1,1,13,25,Apartment,665,2.0,2,1679,3199
Richmond/Knob Hill,1,1,13,25,Apartment,485,1.0,1,1250,3199
Richmond/Knob Hill,1,1,13,25,Apartment,575,1.0,1,1340,3199
Richmond/Knob Hill,1,1,13,25,Apartment,545,1.0,1,1350,3199
Richmond/Knob Hill,1,1,13,25,Apartment,650,2.0,1,1399,3199
Richmond/Knob Hill,1,1,13,25,Apartment,685,1.0,1,1525,3199
Richmond/Knob Hill,1,1,13,25,Apartment,675,1.0,1,1600,3199
Richmond/Knob Hill,1,1,13,25,Apartment,775,2.0,2,1690,3199
Thorncliffe,0,0,0,12,Duplex,864,1.5,3,940,340
Thorncliffe,0,0,0,12,Duplex,864,1.5,3,940,340
Mission,0,0,0,5,Apartment,544,1.0,1,1200,995
Westbrook,1,1,0,3,Apartment,450,1.0,1,999,2427
Westbrook,1,1,0,3,Apartment,1003,1.0,2,1325,2427
Victoria Park,1,1,8,11,Apartment,441,1.0,1,1200,1606
Victoria Park,1,1,8,11,Apartment,539,1.0,1,1300,1606
Victoria Park,1,1,8,11,Apartment,545,1.0,1,1400,1606
Victoria Park,1,1,8,11,Apartment,545,1.0,1,1400,1606
Victoria Park,1,1,8,11,Apartment,572,1.0,1,1500,1606
Victoria Park,1,1,8,11,Apartment,809,2.0,2,1900,1606
Victoria Park,1,1,8,11,Apartment,814,2.0,2,1900,1606
Victoria Park,1,1,8,11,Apartment,904,2.0,2,2100,1606
Victoria Park,1,1,8,11,Apartment,979,2.0,2,2300,1606
Temple,0,0,0,9,House,864,1.5,3,1250,1895
Beltline,1,1,0,7,Apartment,562,1.0,1,975,2572
Beltline,1,1,0,7,Apartment,700,1.0,2,1425,2572
Beltline,1,1,0,7,Apartment,1012,1.0,3,1650,2572
Rosedale,1,0,0,7,Apartment,600,1.0,1,975,2366
Rosedale,1,0,0,7,Apartment,750,1.0,2,1275,2366
Renfrew,1,1,2,13,Condo,738,1.0,1,1650,1573
Crescent Heights,0,0,0,16,Loft,310,1.0,2,850,727
Bowness,1,0,1,9,Apartment,864,1.0,1,1025,2476
Bowness,1,0,1,9,Apartment,864,1.0,2,1200,2476
Tuscany,0,1,0,16,Shared,2310,1.0,1,600,668
Varsity,0,0,0,14,Condo,1395,1.0,2,1200,282
Coach Hill,1,0,0,14,Townhouse,864,1.5,2,1350,518
Mission,0,1,6,0,Apartment,708,1.0,1,1138,1761
Mission,0,1,6,0,Apartment,1089,2.0,2,1517,1761
Mission,0,1,6,0,Apartment,1089,1.0,2,1495,1761
Bridgeland,1,1,0,7,Apartment,596,1.0,1,950,2543
Bridgeland,1,1,0,7,Apartment,596,1.0,1,1100,2543
Forest Heights,1,0,0,5,Apartment,500,1.0,1,945,2064
Mission,0,0,0,3,Apartment,450,1.0,1,875,696
Sunalta,1,1,0,5,Apartment,513,1.0,1,999,2706
Sunalta,1,1,0,5,Apartment,513,1.0,1,1100,2706
Sunalta,1,1,0,5,Apartment,812,1.0,2,1400,2706
Capitol Hill,1,0,0,5,Apartment,438,1.0,1,1025,2767
Capitol Hill,1,0,0,5,Apartment,700,1.0,2,1175,2767
Ramsay,0,0,0,7,Duplex,950,1.0,2,1995,463
Erlton,1,1,8,5,Condo,1100,2.0,2,2149,5867
Westgate,1,0,0,5,Apartment,533,1.0,1,950,2556
Westgate,1,0,0,5,Apartment,850,1.0,2,1250,2556
Altadore,0,0,3,7,Apartment,864,1.0,1,900,927
Cedarbrae,1,1,0,5,Apartment,670,1.0,1,999,2380
Cedarbrae,1,1,0,5,Apartment,708,1.0,2,1100,2380
Bankview,1,1,0,5,Apartment,564,1.0,1,1050,2366
Bankview,1,1,0,5,Apartment,968,1.0,2,1375,2366
South Calgary,1,0,0,9,Apartment,864,1.0,2,1150,482
Sunnyside,0,0,0,4,Shared,864,1.0,3,650,912
Bankview,1,0,0,9,Apartment,1135,1.0,2,1135,1757
East Village,0,0,22,12,Apartment,864,1.0,1,1550,904
Windsor Park,1,1,0,5,Apartment,565,1.0,1,1150,2413
Windsor Park,1,1,0,5,Apartment,790,1.0,2,1125,2413
Windsor Park,1,1,0,5,Apartment,538,1.0,2,1000,2413
Erin Woods,0,0,0,6,Basement,800,1.0,1,600,552
South Calgary,1,0,0,5,Apartment,473,1.0,1,950,2921
South Calgary,1,0,0,5,Apartment,736,1.0,2,1150,2921
Crestmont,0,0,0,18,Basement,990,1.0,2,1250,482
Kingsland,1,1,3,8,Apartment,473,1.0,1,1499,3680
Montgomery,0,0,0,6,Basement,800,1.0,2,1150,768
Beltline,1,1,0,7,Condo,864,1.0,1,1400,791
Downtown,1,1,11,23,Condo,1100,2.0,2,2300,1123
Crescent Heights,1,1,1,10,Apartment,1000,1.0,2,1450,2704
Cornerstone,1,0,0,5,Basement,864,1.0,1,950,1433
Beltline,1,1,0,4,Apartment,518,1.0,1,1125,2310
Beltline,1,1,0,4,Apartment,400,1.0,2,975,2310
Brentwood,1,0,0,5,Apartment,864,1.0,1,1100,2637
Brentwood,1,0,0,5,Apartment,864,1.0,2,1350,2637
Victoria Park,0,1,13,10,Condo,585,1.0,1,1550,428
Bridgeland,1,1,0,5,Apartment,509,1.0,1,999,2494
Bridgeland,1,1,0,5,Apartment,764,1.0,2,1300,2494
Mission,1,0,0,6,Apartment,500,1.0,1,1010,2893
Marlborough,0,1,0,8,Main,1056,1.0,3,1250,962
Lower Mount Royal,0,0,0,9,Apartment,864,1.0,1,800,560
Crescent Heights,0,0,3,8,Apartment,864,1.0,1,875,431
Beltline,0,1,9,9,Apartment,864,1.0,1,1000,1218
Bankview,1,1,0,7,Apartment,524,1.0,1,899,2611
Crescent Heights,1,0,0,8,House,1100,1.5,3,1495,986
Beltline,1,1,2,23,Condo,1100,1.5,1,1575,1473
Downtown,1,1,2,10,Condo,800,1.0,2,1300,758
Lincoln Park,0,1,6,15,Condo,645,1.0,1,1325,509
Downtown,1,1,11,14,Condo,600,1.0,2,1595,1383
Rosscarrock,0,0,0,5,Main,900,1.0,2,990,901
Highwood,0,0,0,4,Basement,1400,1.0,3,900,413
Beltline,0,1,0,6,Apartment,500,1.0,1,950,755
Crescent Heights,1,0,0,5,Apartment,520,1.0,1,950,2424
Crescent Heights,1,0,0,5,Apartment,820,1.0,2,1175,2424
Downtown,1,1,0,6,Apartment,575,1.0,1,1025,2151
Downtown,1,1,0,6,Apartment,711,1.0,2,1450,2151
Beltline,1,1,19,15,Condo,800,1.0,2,1550,1490
Beddington,0,0,0,9,Shared,864,1.0,1,450,520
Dalhousie,0,0,0,9,Shared,864,1.0,1,530,450
Varsity,0,0,0,3,Apartment,840,1.0,2,1410,1805
Varsity,0,0,0,3,Apartment,840,1.0,2,1244,1805
Varsity,0,0,0,3,Apartment,484,1.0,1,1099,1805
Varsity,0,0,0,3,Apartment,484,1.0,1,1139,1805
Brentwood,0,0,0,6,Basement,864,1.0,1,600,1192
Killarney,0,0,0,19,Basement,700,1.0,1,800,666
Bankview,1,0,0,3,Apartment,397,1.0,2,945,3046
Sunalta,1,1,2,10,Condo,864,2.0,2,1550,1348
Meadowlark Park,1,0,0,8,Apartment,864,1.0,1,950,1771
Dalhousie,0,1,2,4,Apartment,700,1.0,1,1100,463
Victoria Park,0,1,13,7,Condo,600,1.0,1,1600,1787
Taradale,0,1,0,18,Main,1500,2.5,4,1325,428
Dover,1,0,0,7,Main,902,1.0,2,1395,577
Banff Trail,0,0,0,8,Shared,1600,1.0,3,500,738
Fairview,0,1,2,3,Apartment,864,1.0,2,1240,1778
Fairview,0,1,2,3,Apartment,642,1.0,1,1160,1778
Fairview,0,1,2,3,Apartment,864,1.0,2,1389,1778
Highland Park,0,0,0,19,Basement,950,1.0,1,750,249
Hillhurst,0,0,0,6,Condo,827,1.0,2,1400,1392
Marlborough,1,0,0,6,Basement,864,1.0,2,775,634
Bankview,1,1,0,6,Apartment,500,1.0,1,975,2863
Altadore,1,1,0,15,Townhouse,864,3.0,2,2200,2063
Sunalta,0,1,4,14,Condo,700,1.0,2,1280,841
Tuxedo Park,0,0,0,8,Main,1500,1.5,4,1400,421
Regal Terrace,0,1,1,5,Apartment,864,1.0,1,820,254
University District,0,1,4,19,Condo,864,2.0,2,2250,1034
Inglewood,1,1,0,8,Apartment,515,1.0,1,1450,1643
Inglewood,1,1,0,8,Apartment,555,1.0,1,1650,1643
Inglewood,1,1,0,8,Apartment,611,1.0,1,1675,1643
Inglewood,1,1,0,8,Apartment,611,1.0,1,1675,1643
Inglewood,1,1,0,8,Apartment,515,1.0,1,1800,1643
Inglewood,1,1,0,8,Apartment,512,1.0,1,1550,1643
Hillhurst,1,1,8,16,Apartment,612,1.0,1,1600,4593
Hillhurst,1,1,8,16,Apartment,697,1.0,1,1900,4593
Hillhurst,1,1,8,16,Apartment,710,1.5,1,2250,4593
Hillhurst,1,1,8,16,Apartment,924,2.0,2,2250,4593
Hillhurst,1,1,8,16,Apartment,1069,2.0,2,2650,4593
Hillhurst,1,1,8,16,Apartment,954,2.5,2,2750,4593
Hillhurst,1,1,8,16,Apartment,1206,2.0,3,3050,4593
Hillhurst,1,1,8,16,Apartment,1096,2.0,3,3150,4593
Hillhurst,1,1,8,16,Apartment,1187,2.0,3,3550,4593
Springbank Hill,0,0,0,10,House,1850,1.0,2,1500,573
McKenzie Towne,0,0,2,16,Apartment,864,1.0,2,1000,333
Erin Woods,1,0,0,13,Townhouse,864,1.0,3,1110,1742
Erin Woods,1,0,0,13,Duplex,864,1.0,3,1110,1742
Redstone,0,1,0,12,Townhouse,1079,2.5,2,1550,727
Killarney,0,0,0,8,Basement,864,1.0,1,800,604
Beltline,1,1,3,7,Apartment,504,1.0,1,1299,1116
Beltline,1,1,3,7,Apartment,728,1.0,1,1695,1116
Beltline,1,1,3,7,Apartment,880,2.0,2,1625,1116
Beltline,1,1,3,7,Apartment,1059,2.0,2,1750,1116
Bridgeland,0,0,3,18,Townhouse,864,1.0,1,1495,506
Midnapore,0,0,1,14,Condo,872,1.0,2,1300,1013
Mission,1,0,1,10,Condo,744,1.0,2,1200,462
Beltline,1,1,0,16,Condo,888,2.0,2,1599,1272
Millrise,0,1,9,12,Condo,870,2.0,2,1650,629
Beltline,1,0,10,2,Apartment,484,1.0,1,899,1480
Beltline,1,0,10,2,Apartment,503,1.0,1,1100,1480
Beltline,1,0,10,2,Apartment,683,1.0,2,1195,1480
Beltline,1,0,10,2,Apartment,683,1.0,2,1225,1480
Erlton,0,1,6,12,Condo,1450,2.0,1,2600,1455
Eau Claire,0,1,19,15,Condo,650,1.0,1,2000,923
Downtown,1,1,5,12,Apartment,565,1.0,1,1930,3857
Downtown,1,1,5,12,Apartment,787,1.0,1,2610,3857
Downtown,1,1,5,12,Apartment,816,1.0,1,2750,3857
Downtown,1,1,5,12,Apartment,986,1.0,2,3525,3857
Downtown,1,1,5,12,Apartment,658,1.0,2,2120,3857
Downtown,1,1,5,12,Apartment,524,1.0,2,1750,3857
Eau Claire,0,1,5,12,Apartment,600,1.0,1,1000,952
Eau Claire,0,1,5,12,Apartment,800,1.0,2,1250,952
Eau Claire,0,1,5,12,Apartment,500,1.0,1,1025,952
Mission,1,1,5,10,Apartment,630,1.0,1,1025,1158
Mission,1,1,5,10,Apartment,650,1.0,1,1185,1158
Mission,1,1,5,10,Apartment,460,1.0,2,950,1158
Mission,1,1,5,10,Apartment,460,1.0,2,975,1158
Mission,1,1,5,10,Apartment,1090,1.0,2,1750,1158
Panorama Hills,0,0,2,10,Apartment,900,2.0,2,1350,578
Downtown,0,1,0,9,Condo,864,1.0,1,1300,395
Pineridge,0,0,0,4,Basement,1000,1.0,3,1045,844
Eau Claire,0,1,28,9,Condo,560,1.0,1,1900,1088
South Calgary,1,1,3,9,Apartment,536,1.0,1,1399,2344
South Calgary,1,1,3,9,Apartment,635,1.0,1,1599,2344
South Calgary,1,1,3,9,Apartment,816,2.0,2,1999,2344
South Calgary,1,1,3,9,Apartment,1183,2.0,2,2599,2344
Bayview,1,1,10,0,Apartment,790,1.0,1,1077,1709
Bayview,1,1,10,0,Apartment,790,1.0,1,1174,1709
Bayview,1,1,10,0,Apartment,1040,2.0,2,1302,1709
Bayview,1,1,10,0,Apartment,1040,2.0,2,1575,1709
Bayview,1,1,10,0,Apartment,1040,2.0,2,1625,1709
Bayview,1,1,10,0,Apartment,1450,1.0,3,1650,1709
Bayview,1,1,10,0,Apartment,1450,2.0,3,1650,1709
Thorncliffe,0,0,0,11,Basement,864,1.0,2,800,298
Lower Mount Royal,1,1,2,17,Apartment,864,1.5,1,1800,418
Lower Mount Royal,1,1,2,17,Apartment,864,1.5,1,1800,418
Lower Mount Royal,1,1,2,17,Apartment,864,1.5,2,1800,418
Lower Mount Royal,1,1,2,17,Apartment,1112,1.5,2,1850,418
Lower Mount Royal,1,1,2,17,Apartment,864,1.5,2,1900,418
Lower Mount Royal,1,1,2,17,Apartment,864,2.5,2,1950,418
Lower Mount Royal,1,1,2,17,Apartment,864,1.5,2,2100,418
Lower Mount Royal,1,1,2,17,Apartment,864,1.5,2,2100,418
Lower Mount Royal,1,1,2,17,Apartment,864,1.5,2,2125,418
Lower Mount Royal,1,1,2,17,Apartment,864,1.5,2,2200,418
Lower Mount Royal,1,1,2,17,Apartment,864,2.5,2,2225,418
Lower Mount Royal,1,1,2,17,Apartment,864,1.5,2,2250,418
Lower Mount Royal,1,1,2,17,Apartment,864,1.5,2,2300,418
Lower Mount Royal,1,1,2,17,Apartment,864,1.5,2,2300,418
Lower Mount Royal,1,1,2,17,Apartment,864,2.5,2,2300,418
Lower Mount Royal,1,1,2,17,Apartment,864,2.5,3,2900,418
Manchester,0,0,2,6,Apartment,864,1.0,2,925,474
Dalhousie,0,0,0,7,Basement,900,1.0,2,1100,1245
Cityscape,1,1,5,10,Apartment,864,1.0,1,1219,3645
Cityscape,1,1,5,10,Apartment,864,1.0,2,1119,3645
Cityscape,1,1,5,10,Apartment,864,2.0,2,1250,3645
Cityscape,1,1,5,10,Apartment,864,2.0,2,1295,3645
Cityscape,1,1,5,10,Apartment,864,2.0,3,1469,3645
Savanna,0,1,0,10,Duplex,1550,3.0,4,2350,740
Beltline,0,1,2,11,Apartment,648,1.0,1,1025,664
Beltline,0,1,2,11,Apartment,650,1.0,1,1400,664
Beltline,0,1,2,11,Apartment,988,1.5,2,1400,664
Beltline,0,1,2,11,Apartment,988,1.5,2,1500,664
Beltline,1,1,8,6,Apartment,445,1.0,1,1247,1889
Beltline,1,1,8,6,Apartment,650,1.0,2,1457,1889
Beltline,1,1,8,6,Apartment,775,2.0,2,1588,1889
Beltline,1,1,8,6,Apartment,530,1.0,1,1316,1889
Skyview,1,1,19,10,Apartment,961,2.0,2,1575,1355
Coventry Hills,1,1,0,8,Main,820,1.0,2,1195,1376
Shawnessy,0,0,2,17,Shared,864,1.0,1,500,251
Redstone,0,0,0,16,Townhouse,599,1.0,1,1100,645
Acadia,0,1,0,14,Main,1100,1.0,3,1500,1194
Pineridge,1,0,0,11,Basement,864,1.0,1,995,604
Lake Bonavista,0,1,11,9,Condo,879,2.0,2,1749,1502
Country Hills Village,0,1,2,9,Condo,850,2.0,2,1300,205
Bowness,1,1,0,17,House,850,1.0,2,1750,1025
Temple,0,0,0,5,Basement,864,1.0,2,900,577
Beltline,0,1,4,8,Condo,536,1.0,2,1090,715
Crescent Heights,1,0,0,8,Condo,820,1.0,2,1225,912
Mayland Heights,0,0,0,10,Main,864,1.5,2,950,408
Radisson Heights,1,0,2,3,Apartment,971,1.0,3,1203,1761
Radisson Heights,1,0,2,3,Apartment,636,1.0,1,1069,1761
Radisson Heights,1,0,2,3,Apartment,894,1.0,2,1399,1761
Radisson Heights,1,0,2,3,Apartment,636,1.0,1,1349,1761
Radisson Heights,1,0,2,3,Townhouse,890,1.0,2,1449,1761
Radisson Heights,1,0,2,3,Apartment,894,1.0,2,1449,1761
Radisson Heights,1,0,2,3,Townhouse,1017,1.5,3,1549,1761
Radisson Heights,1,0,2,3,Townhouse,1017,1.5,3,1749,1761
Fonda,1,0,2,4,Townhouse,1045,1.0,3,1503,1761
Fonda,1,0,2,4,Townhouse,1028,1.0,2,1499,1761
Fonda,1,0,2,4,Apartment,1028,1.0,2,1599,1761
Fonda,1,0,2,4,Townhouse,1028,1.0,2,1699,1761
Fonda,1,0,2,4,Townhouse,1045,1.0,3,1769,1761
Kincora,0,1,0,6,Condo,812,2.0,2,1299,398
Evanston,0,1,0,18,House,2250,2.5,3,2300,2319
Beltline,1,0,2,4,Apartment,496,1.0,1,1037,1816
Beltline,1,0,2,4,Apartment,496,1.0,1,1349,1816
Beltline,1,0,2,4,Apartment,630,1.0,1,1449,1816
Beltline,1,0,2,4,Apartment,796,1.0,2,1289,1816
Beltline,1,0,2,4,Apartment,796,1.0,2,1419,1816
Beltline,1,0,2,4,Apartment,880,1.0,2,1549,1816
Falconridge,0,0,0,20,House,900,1.0,3,1270,282
Eau Claire,0,1,22,12,Condo,600,1.0,1,1800,851
Mission,0,1,3,9,Apartment,574,1.0,1,950,1608
Mission,0,1,3,9,Apartment,901,1.0,1,1350,1608
Mission,0,1,3,9,Apartment,864,1.0,2,1250,1608
Ranchlands,0,1,0,6,Shared,1589,2.0,4,530,755
Springbank Hill,1,1,1,15,Condo,840,2.0,2,1500,1078
Mission,0,0,3,16,Condo,864,1.0,2,975,139
Varsity,0,1,2,20,Townhouse,1700,2.5,2,2295,1808
Bayview,1,1,4,3,Apartment,619,1.0,1,1446,2012
Bayview,1,1,4,3,Apartment,978,2.0,2,1789,2012
Bayview,1,1,4,3,Apartment,968,2.0,2,1874,2012
Beddington,0,0,0,13,Townhouse,1300,1.5,3,1600,557
Skyview,1,1,8,7,Apartment,593,1.0,1,1139,1539
Skyview,1,1,8,7,Apartment,851,1.0,2,1279,1539
Skyview,1,1,8,7,Apartment,894,1.0,2,1299,1539
Skyview,1,1,8,7,Apartment,845,1.0,2,1329,1539
Skyview,1,1,8,7,Apartment,913,2.0,2,1369,1539
Skyview,1,1,8,7,Apartment,913,1.0,2,1389,1539
Skyview,1,1,8,7,Apartment,913,2.0,3,1479,1539
Mckenzie Towne,0,1,6,7,Condo,864,1.0,2,1375,1457
Coventry Hills,0,1,2,10,Condo,894,2.0,2,1350,326
Bankview,0,1,1,15,Condo,756,1.5,1,1850,1789
Hillhurst,0,1,0,15,Condo,901,1.0,2,1700,720
Beddington,0,0,0,14,Basement,1000,1.0,2,800,378
Victoria Park,0,1,25,11,Condo,650,1.0,1,1500,1602
University Heights,0,0,2,13,Apartment,864,1.0,2,1250,765
Windsor Park,0,0,6,10,Condo,740,1.0,1,1080,934
Southwood,0,0,0,16,Duplex,1000,1.0,2,1095,619
Rundle,0,1,0,18,House,864,2.5,4,1995,1527
Connaught,0,1,1,11,Condo,777,1.0,1,1375,1133
Beltline,0,1,19,10,Condo,600,1.0,1,1838,626
Dover,1,0,0,13,Basement,864,1.0,2,820,339
Ogden,0,0,0,10,Basement,864,1.0,1,775,313
Downtown,1,0,2,4,Apartment,600,1.0,1,1031,1929
Radisson Heights,1,0,2,3,Apartment,971,1.0,3,1289,1761
Radisson Heights,1,0,2,3,Apartment,894,1.0,2,1117,1761
Radisson Heights,1,0,2,3,Townhouse,890,1.0,2,1441,1761
Radisson Heights,1,0,2,3,Apartment,636,1.0,1,1149,1761
Radisson Heights,1,0,2,3,Apartment,894,1.0,2,1449,1761
Radisson Heights,1,0,2,3,Townhouse,1017,1.5,3,1599,1761
Charleswood,0,0,0,11,Shared,864,2.0,2,695,981
-1,0,1,0,10,Condo,864,2.0,2,1400,360
Panorama Hills,0,0,0,11,Basement,1800,1.0,1,900,294
Falconridge,0,0,0,5,Basement,1057,1.0,2,750,856
Mission,1,1,4,13,Condo,765,1.0,1,1600,361
Victoria Park,1,1,7,11,Condo,926,2.0,2,1750,974
Ramsay,0,0,0,8,Main,864,1.0,2,950,752
Penbrooke Meadows,0,0,0,12,Shared,864,1.5,1,497,1992
Lower Mount Royal,1,0,0,5,Apartment,500,1.0,1,875,271
Lower Mount Royal,1,0,0,5,Apartment,500,1.0,1,875,271
Lower Mount Royal,1,1,3,8,Condo,900,1.0,2,1450,235
East Village,0,1,22,14,Condo,1109,2.0,2,3300,1528
Hillhurst,0,0,0,11,House,1240,2.5,2,1845,695
Sage Hill,0,0,0,10,Condo,574,1.0,1,1150,388
Downtown,0,1,9,5,Condo,692,1.0,1,1895,602
Glendale,1,0,0,11,House,928,1.0,3,1395,618
Queensland,0,0,0,15,Basement,900,1.0,1,1000,344
Charleswood,0,0,0,12,Basement,1100,1.0,2,950,393
Haysboro,0,1,1,7,Condo,1043,2.0,2,1525,540
Crescent Heights,0,0,1,10,Apartment,864,1.0,1,925,1039
Crescent Heights,0,0,1,10,Apartment,864,1.0,2,1200,1039
Crescent Heights,0,0,1,10,Apartment,864,1.0,1,950,1039
Crescent Heights,0,0,1,10,Apartment,864,1.0,2,1150,1039
Lower Mount Royal,0,1,0,20,Condo,1000,2.5,2,2195,244
Millrise,0,0,0,10,Basement,1550,1.0,2,1195,653
Hillhurst,0,0,0,9,Main,1700,1.5,3,1825,793
Quarry Park,0,0,1,3,Shared,864,1.0,1,650,2792
Dalhousie,0,0,11,9,Apartment,800,1.0,2,1150,458
Huntington Hills,0,0,0,6,Main,864,1.5,3,990,589
Downtown,1,1,22,15,Apartment,864,1.0,1,1249,2352
Downtown,1,1,22,15,Apartment,864,1.0,1,3049,2352
Downtown,1,1,22,15,Apartment,864,1.0,2,1630,2352
Downtown,1,1,9,21,Apartment,522,1.0,1,1780,3146
Downtown,1,1,9,21,Apartment,565,1.0,1,1930,3146
Downtown,1,1,9,21,Apartment,619,1.0,1,2200,3146
Downtown,1,1,9,21,Apartment,818,1.0,1,2730,3146
Downtown,1,1,9,21,Apartment,911,1.0,2,3150,3146
Eau Claire,0,1,15,12,Condo,600,1.0,1,2500,955
Mission,0,0,3,6,Apartment,500,1.0,1,800,1045
Parkdale,0,0,0,3,Shared,864,1.5,1,400,168
Killarney,1,0,0,17,Duplex,1300,3.5,3,3350,1049
Lakeview,0,0,10,1,Apartment,609,1.0,1,1153,2531
Lakeview,0,0,10,1,Apartment,747,1.0,1,1288,2531
Lakeview,0,0,10,1,Apartment,840,1.0,2,1308,2531
Lakeview,0,0,10,1,Apartment,925,1.0,2,1358,2531
Hamptons,0,0,0,16,Shared,2500,1.5,1,600,1042
University Heights,1,1,2,4,Apartment,675,1.0,1,1031,1819
University Heights,1,1,2,4,Apartment,900,1.0,2,1263,1819
University Heights,1,1,2,4,Apartment,675,1.0,1,1329,1819
University Heights,1,1,2,4,Apartment,900,1.0,2,1599,1819
Crescent Heights,0,0,0,7,Apartment,864,1.0,2,1250,447
Crescent Heights,0,0,0,7,Apartment,864,1.0,2,1250,447
Highland Park,1,0,0,5,Basement,864,1.0,2,800,415
Bowness,1,0,0,13,Main,1000,1.0,2,1097,1123
Thorncliffe,1,0,0,3,Duplex,864,2.0,4,1400,138
Skyview,1,1,5,14,Apartment,864,1.0,1,1139,3719
Skyview,1,1,5,14,Apartment,864,1.0,2,1139,3719
Skyview,1,1,5,14,Apartment,864,2.0,2,1229,3719
Skyview,1,1,5,14,Apartment,864,2.0,2,1259,3719
Skyview,1,1,5,14,Apartment,864,2.0,3,1399,3719
Bowness,0,0,0,11,Apartment,1000,1.0,2,1075,657
Mckenzie Towne,1,1,0,15,Duplex,1528,2.5,3,2000,1172
Royal Oak,0,0,0,6,Basement,1100,1.0,2,1499,416
Hillhurst,1,1,3,7,Apartment,625,1.0,1,1275,2207
Hillhurst,1,1,3,7,Apartment,780,1.0,2,1395,2207
Hillhurst,1,1,3,7,Apartment,625,1.0,1,1015,2207
Hillhurst,1,1,3,7,Apartment,625,1.0,1,1125,2207
Hillhurst,1,1,3,7,Apartment,625,1.0,1,1220,2207
Hillhurst,1,1,3,7,Apartment,780,1.0,2,1399,2207
Bridgeland,0,0,0,13,Main,864,1.0,1,1095,1169
Lower Mount Royal,0,0,1,12,Condo,575,1.0,1,1250,778
Bankview,1,0,0,10,House,1200,2.0,3,1800,583
Marlborough,1,1,0,16,House,1043,2.5,4,1800,877
Victoria Park,0,1,16,13,Condo,782,2.0,2,1550,923
Country Hills Village,0,1,2,17,Condo,928,2.0,2,1490,1523
Huntington Hills,0,0,0,8,Basement,800,1.0,1,725,771
Riverbend,0,0,0,13,Shared,864,1.5,2,800,204
Midnapore,0,0,0,18,Basement,1200,1.0,1,1100,796
Queensland,1,0,0,9,Duplex,976,1.0,3,1400,1117
Beltline,0,1,3,6,Apartment,500,1.0,1,990,655
Eau Claire,0,1,7,10,Condo,640,1.0,1,1600,693
-1,1,1,0,17,Townhouse,1400,2.5,3,1795,946
Lincoln Park,1,1,6,20,Condo,700,1.0,1,1550,195
Rosscarrock,0,0,3,10,Condo,580,1.0,1,1600,1024
Ramsay,0,0,0,14,Shared,864,3.0,1,600,2525
Spruce Cliff,0,0,0,17,Condo,864,1.5,3,1590,356
Thorncliffe,1,0,2,3,Apartment,625,1.0,1,939,1748
Thorncliffe,1,0,2,3,Apartment,625,1.0,1,1042,1748
Thorncliffe,1,0,2,3,Apartment,751,1.0,2,1219,1748
Thorncliffe,1,0,2,3,Apartment,751,1.0,2,1289,1748
Rosedale,0,0,3,11,Apartment,575,1.0,1,1049,2199
West Hillhurst,0,1,4,14,Condo,752,1.0,2,1800,1710
New Brighton,0,1,0,23,House,864,3.5,4,2695,1320
Dalhousie,0,1,11,12,Condo,871,1.5,2,1200,626
Whitehorn,0,1,0,17,House,864,3.0,5,1800,735
Sunalta,0,0,3,10,Apartment,864,1.0,1,925,959
Sunalta,0,0,3,10,Apartment,864,1.0,1,950,959
Sunalta,0,0,3,10,Apartment,2021,1.0,1,950,959
Sunalta,0,0,3,10,Apartment,864,1.0,1,950,959
Signal Hill,0,1,0,12,Main,1765,2.0,3,2400,777
Mckenzie Towne,0,1,0,14,Basement,864,1.0,2,900,191
Canyon Meadows,0,0,0,10,Main,950,1.0,2,950,412
Lower Mount Royal,0,0,1,8,Apartment,724,1.0,2,1295,593
Lower Mount Royal,0,0,1,8,Apartment,583,1.0,1,995,593
Lower Mount Royal,0,0,1,8,Apartment,583,1.0,1,1095,593
Lower Mount Royal,0,0,1,8,Apartment,613,1.0,1,1095,593
Lower Mount Royal,0,0,1,8,Apartment,724,1.0,2,1345,593
Lower Mount Royal,0,0,1,8,Apartment,724,1.0,2,1345,593
Lower Mount Royal,0,0,1,8,Apartment,724,1.0,2,1345,593
Lower Mount Royal,0,0,1,8,Apartment,724,1.0,2,1345,593
Citadel,0,0,0,12,House,864,2.5,3,1525,420
Beltline,1,1,5,14,Condo,1310,2.0,2,1595,666
Inglewood,0,1,8,13,Condo,740,1.0,1,1350,1259
Panorama Hills,0,1,0,10,House,1795,2.5,3,1900,864
Varsity,0,0,0,9,Basement,1100,1.0,3,1200,592
Killarney,0,0,0,12,Main,800,1.0,1,1350,971
Capitol Hill,1,0,0,9,Apartment,864,1.0,1,800,198
Richmond/Knob Hill,0,0,0,14,House,915,2.0,5,1850,110
Glenbrook,1,0,2,3,Apartment,846,1.0,2,1091,1752
Glenbrook,1,0,2,3,Apartment,600,1.0,1,1119,1752
Glenbrook,1,0,2,3,Apartment,600,1.0,1,1259,1752
Glenbrook,1,0,2,3,Apartment,846,1.0,2,1409,1752
Mission,0,1,1,14,Condo,864,1.0,1,1395,303
Bridgeland,0,0,1,7,Apartment,850,1.0,2,1100,614
Beddington,1,1,0,11,Main,1100,2.0,3,1400,904
Windsor Park,0,0,0,13,Main,1009,1.0,2,1295,552
Crescent Heights,1,1,5,26,Townhouse,2200,4.5,4,3100,1056
Midnapore,0,1,2,13,Shared,900,1.5,1,700,200
Parkhill-Stanley Park,1,0,0,9,Basement,637,1.0,2,725,1638
Dalhousie,0,0,0,8,Basement,970,1.0,2,1050,444
Skyview,0,1,1,3,Condo,880,2.0,2,1300,395
Haysboro,0,0,13,6,Condo,600,1.0,1,925,592
Temple,0,1,0,14,Main,1329,2.0,3,2000,1302
Evanston,0,0,0,7,Basement,864,1.0,1,850,845
Canyon Meadows,0,0,0,10,Basement,864,1.0,1,1050,291
Greenview,1,1,2,4,Apartment,850,1.0,1,1161,1743
Greenview,1,1,2,4,Apartment,900,1.0,2,1269,1743
Greenview,1,1,2,4,Apartment,560,1.0,1,1359,1743
Greenview,1,1,2,4,Apartment,900,1.0,2,1579,1743
Brentwood,0,0,5,5,Apartment,500,1.0,2,895,955
East Village,0,1,13,11,Condo,600,1.0,1,1395,2873
Glamorgan,0,1,0,12,Condo,1094,1.5,2,1350,790
Ranchlands,0,1,0,7,House,864,2.5,4,2200,717
Carrington,0,0,0,16,Shared,1420,2.5,3,450,1051
Marlborough Park,1,0,0,7,House,864,3.0,4,1500,165
Tuscany,0,1,0,18,House,3000,3.5,4,3900,941
Parkdale,0,0,0,17,Shared,1210,1.0,3,450,2342
Sherwood,0,0,0,17,Basement,951,1.0,1,1350,2082
Rocky Ridge,0,1,2,14,Condo,761,1.0,1,1200,1420
Victoria Park,0,0,3,7,Apartment,900,1.0,2,1400,844
Lake Bonavista,0,1,11,20,Condo,1150,2.0,2,2100,821
Beltline,0,0,2,7,Apartment,668,1.0,1,1175,531
Beltline,0,0,2,7,Apartment,635,1.0,1,1050,531
Beltline,0,0,2,7,Apartment,670,1.0,1,1100,531
Harvest Hills,0,0,0,22,Shared,1900,2.5,3,550,891
Marlborough,0,0,0,20,Main,1200,1.0,3,1500,3644
Crestmont,1,0,0,16,Shared,750,1.0,1,975,866
Evergreen,0,0,0,15,Basement,556,1.0,1,1150,1481
Albert Park,0,0,2,15,Condo,724,1.0,2,1225,1021
Valley Ridge,0,0,0,14,Basement,1000,1.0,1,945,682
Lake Bonavista,0,1,9,12,Condo,1192,2.0,2,1625,789
Arbour Lake,1,0,0,14,Basement,864,1.0,1,1099,381
Victoria Park,1,1,13,10,Apartment,498,1.0,1,1400,2776
Victoria Park,1,1,13,10,Apartment,672,1.0,1,1800,2776
Victoria Park,1,1,13,10,Apartment,751,1.0,1,1800,2776
Victoria Park,1,1,13,10,Apartment,1260,2.0,1,2750,2776
Victoria Park,1,1,13,10,Townhouse,1491,2.0,1,2800,2776
Victoria Park,1,1,13,10,Apartment,764,1.0,1,1850,2776
Victoria Park,1,1,13,10,Apartment,881,2.0,2,2400,2776
Victoria Park,1,1,13,10,Apartment,1003,2.0,2,2600,2776
Victoria Park,1,1,13,10,Apartment,570,1.0,1,1500,2776
Victoria Park,1,1,13,10,Apartment,757,1.0,1,1850,2776
Victoria Park,1,1,13,10,Townhouse,1269,1.0,1,2800,2776
Victoria Park,1,1,13,10,Apartment,1225,2.0,2,3000,2776
Parkdale,0,1,0,14,Main,864,2.0,3,1999,1772
Patterson,0,1,2,14,Condo,1075,1.5,2,1795,669
Beltline,1,0,2,4,Apartment,550,1.0,1,1120,1990
Beltline,1,0,2,4,Apartment,734,1.0,2,1236,1990
Beltline,1,0,2,4,Apartment,734,1.0,2,1679,1990
Beltline,1,0,2,4,Apartment,550,1.0,1,1429,1990
Beltline,1,0,2,4,Apartment,1174,1.5,3,1999,1990
Beltline,1,0,2,4,Apartment,1174,1.5,3,2199,1990
Beltline,1,0,2,4,Apartment,455,1.0,2,1229,1990
Beltline,1,0,2,4,Apartment,455,1.0,2,1379,1990
Mayland Heights,0,0,1,8,Apartment,864,1.0,1,875,918
Brentwood,0,0,0,9,Shared,864,1.0,1,650,742
Victoria Park,0,1,13,12,Condo,644,1.0,1,1500,1439
Hillhurst,0,1,4,26,Apartment,716,1.0,1,1150,2127
Hillhurst,0,1,4,26,Apartment,716,1.0,1,1350,2127
Hillhurst,0,1,4,26,Apartment,696,1.0,1,1395,2127
Hillhurst,0,1,4,26,Apartment,1072,2.0,2,1595,2127
Hillhurst,0,1,4,26,Apartment,1111,2.0,2,1795,2127
Hillhurst,0,1,4,26,Apartment,716,1.0,1,1225,2127
Hillhurst,0,1,4,26,Apartment,1030,2.0,2,1675,2127
Hillhurst,0,1,4,26,Apartment,716,1.0,1,1245,2127
Hillhurst,0,1,4,26,Townhouse,1267,2.0,2,1495,2127
Hillhurst,0,1,4,26,Apartment,1019,2.0,2,1545,2127
Hillhurst,0,1,4,26,Townhouse,1267,2.0,2,1645,2127
Highland Park,0,0,3,8,Apartment,864,1.0,2,650,222
Rutland Park,1,0,0,16,Basement,1000,1.0,2,950,673
Banff Trail,0,0,0,7,Apartment,864,1.0,2,1175,289
Downtown,1,1,9,9,Apartment,830,1.0,2,1750,764
Beltline,0,0,2,15,Condo,864,1.0,2,1295,320
Richmond/Knob Hill,0,1,1,13,Apartment,888,2.0,2,1400,1609
Mission,0,1,0,10,Apartment,864,1.0,1,1075,748
Lower Mount Royal,0,1,3,17,Condo,864,1.0,1,1400,2359
Coach Hill,0,0,0,12,Condo,1350,1.0,2,1400,356
Rosscarrock,0,0,0,8,Apartment,550,1.0,1,1000,136
Beltline,1,1,2,12,Apartment,563,1.0,1,1050,654
Beltline,1,1,2,12,Apartment,539,1.0,1,1135,654
Beltline,1,1,2,12,Apartment,864,1.0,2,1500,654
Beltline,1,1,2,12,Apartment,456,1.0,2,1025,654
Lake Bonavista,0,1,11,7,Apartment,879,2.0,2,1600,747
Cliff Bungalow,1,1,2,5,Apartment,864,1.0,1,1075,1014
Cliff Bungalow,1,1,2,5,Apartment,864,1.0,2,1175,1014
Victoria Park,1,1,11,15,Condo,1200,2.0,2,3150,245
Stanley Park,1,1,5,3,Apartment,864,1.0,1,1060,1001
Stanley Park,1,1,5,3,Apartment,864,1.0,2,1050,1001
Stanley Park,1,1,5,3,Apartment,864,2.0,2,1125,1001
Stanley Park,1,1,5,3,Apartment,864,2.0,2,1425,1001
Sunalta,0,0,3,7,Apartment,600,1.0,1,925,1317
Sunalta,0,0,3,7,Apartment,600,1.0,1,925,1317
Sunalta,0,0,3,7,Apartment,900,1.0,2,1250,1317
Garrison Woods,0,1,0,16,Townhouse,864,4.5,4,3495,960
Bankview,1,0,1,13,Shared,637,1.0,2,690,1022
Windsor Park,0,0,3,10,Apartment,714,1.0,1,900,1287
Rosscarrock,0,0,0,12,Basement,800,1.0,1,900,123
Copperfield,0,0,2,21,Condo,864,1.0,2,1199,794
Royal Oak,0,1,10,18,Condo,875,2.0,2,1700,1333
Bridgeland,0,0,0,8,Apartment,864,1.0,1,800,38
Mission,0,1,3,5,Apartment,864,1.0,1,950,576
Taradale,0,0,0,14,Basement,864,1.0,2,1050,748
Lower Mount Royal,0,0,0,8,Apartment,850,1.0,2,975,696
Cornerstone,1,0,0,8,Basement,864,1.0,1,950,1315
West Hillhurst,1,1,2,20,Apartment,864,1.0,1,1575,469
West Hillhurst,1,1,2,20,Apartment,864,1.0,1,1700,469
West Hillhurst,1,1,2,20,Apartment,864,1.0,2,2000,469
Beltline,1,1,7,9,Apartment,864,2.0,2,1300,849
Beltline,1,1,7,9,Apartment,864,2.0,2,1440,849
Beltline,1,1,7,9,Apartment,1146,2.0,3,1620,849
Tuxedo Park,0,1,3,10,Apartment,850,1.0,2,1100,922
Beltline,0,1,4,15,Loft,987,1.0,1,2650,2882
Saddle Ridge,0,0,0,13,Shared,1100,1.0,2,450,955
Forest Lawn,0,0,0,5,Apartment,864,1.0,2,1050,1189
Panorama Hills,0,0,0,3,Shared,864,1.0,2,500,452
Victoria Park,1,1,9,13,Condo,1300,2.0,2,2800,1515
Strathcona Park,0,0,0,13,Shared,864,1.0,2,700,967
Beltline,1,1,16,7,Condo,864,1.0,1,2150,2376
Lower Mount Royal,1,0,2,9,Condo,500,1.0,1,1150,1069
Beltline,0,0,0,7,Apartment,864,1.0,2,1000,676
Beltline,0,0,0,7,Apartment,864,1.0,2,1050,676
Beltline,0,0,0,7,Apartment,2021,1.0,2,1100,676
Westbrook,1,0,0,9,House,845,1.0,2,1245,791
University District,0,1,4,8,Condo,671,1.0,2,1495,1562
Lake Bonavista,1,0,0,17,Shared,2500,1.0,4,600,1253
Brentwood,0,1,0,7,House,1130,2.0,5,1800,240
Hillhurst,0,0,0,10,Apartment,864,1.0,1,1025,738
Bankview,0,0,0,10,Apartment,725,1.0,1,1050,872
Bankview,0,0,1,7,Apartment,864,1.0,2,1100,358
Victoria Park,0,0,3,12,Shared,1260,1.0,1,900,830
Castleridge,0,0,0,12,Main,1051,1.0,3,1000,179
Rosscarrock,0,0,0,10,Main,1200,1.0,3,1400,328
Downtown,0,1,16,11,Shared,864,1.0,1,700,432
Briar Hill,1,0,0,20,Basement,900,1.0,1,850,903
Lake Bonavista,0,0,0,5,Basement,864,1.0,1,950,738
Beltline,0,0,0,8,Apartment,864,1.0,1,900,655
Beltline,0,0,0,8,Apartment,2021,1.0,2,1050,655
Beltline,1,1,0,16,Condo,972,2.0,2,1450,647
Haysboro,0,1,9,12,Apartment,1035,2.0,2,1350,149
Quarry Park,1,1,2,6,Apartment,864,1.0,1,1369,1680
Quarry Park,1,1,2,6,Apartment,864,1.0,2,1599,1680
University District,0,1,4,16,Condo,881,2.0,2,2500,935
Palliser,0,1,0,4,House,1180,2.5,4,2200,574
Eau Claire,0,0,7,8,Condo,864,1.0,1,1125,1423
Beltline,1,1,16,7,Condo,530,1.0,1,2100,2358
Panorama Hills,0,0,0,3,Basement,864,1.0,2,995,397
Lincoln Park,0,0,0,12,Apartment,864,1.0,1,900,473
Capitol Hill,1,1,0,16,House,864,1.0,3,2000,1276
Brentwood,0,1,8,12,Condo,705,2.0,2,1700,219
Citadel,0,0,0,16,Shared,864,2.0,3,550,436
Forest Lawn,0,0,0,12,Basement,900,1.0,2,1000,385
Lower Mount Royal,0,0,0,3,Apartment,864,1.0,1,850,1187
Rundle,0,0,0,15,Main,1100,1.5,3,1175,744
Eau Claire,0,1,2,15,Condo,864,1.0,1,1850,788
-1,0,0,0,6,Basement,1000,1.0,2,750,777
Cougar Ridge,1,1,0,12,Townhouse,851,1.0,1,1450,286
Hawkwood,0,0,0,7,Basement,864,1.0,1,1100,385
Tuscany,0,1,0,15,Townhouse,1034,2.5,2,1550,681
Bankview,1,0,1,15,Condo,864,1.0,1,1300,1105
Springbank Hill,1,1,2,15,Condo,1000,2.0,2,1500,497
Windsor Park,1,1,0,24,House,1650,2.0,2,1895,1688
Southwood,0,0,0,5,Basement,864,1.0,3,1100,610
Shepard,1,0,0,2,Duplex,1400,1.5,1,1500,562
Victoria Park,0,1,9,20,Condo,900,2.0,2,2000,626
Beltline,1,1,16,7,Condo,864,1.0,2,2600,2348
East Village,0,1,13,10,Apartment,605,1.0,1,1200,987
Cornerstone,1,0,0,9,Basement,750,1.0,1,950,1377
Downtown,0,1,9,19,Apartment,864,2.0,2,1795,473
Falconridge,0,0,0,7,Basement,864,1.0,2,800,527
Lower Mount Royal,0,0,0,3,Apartment,864,1.0,1,950,1125
Victoria Park,0,1,9,4,Apartment,820,1.5,1,1795,416
Dalhousie,0,0,0,7,Main,1170,1.5,3,1390,258
Beltline,0,1,6,14,Condo,872,2.0,2,1700,1032
Mount Pleasant,0,0,0,11,Duplex,1200,2.0,2,1150,465
Beltline,0,1,13,10,Condo,850,1.0,1,2200,287
Capitol Hill,0,0,1,6,Condo,864,1.0,1,950,2053
Acadia,0,0,3,10,Apartment,1050,1.5,2,1200,881
Acadia,0,0,3,10,Apartment,600,1.0,1,925,881
Acadia,0,0,3,10,Apartment,870,1.0,1,1025,881
Acadia,0,0,3,10,Apartment,950,1.0,2,1050,881
Acadia,0,0,3,10,Apartment,1200,1.0,2,1300,881
Acadia,0,0,3,10,Apartment,550,1.0,2,895,881
Rocky Ridge,0,1,0,20,Shared,864,1.0,1,530,575
Bankview,1,1,1,8,Apartment,864,1.0,1,925,1142
Bankview,1,1,1,8,Apartment,864,1.0,2,1075,1142
Beltline,0,1,14,15,Condo,880,2.0,2,1900,1308
Skyview,1,1,4,14,Apartment,864,1.0,1,1139,3720
Skyview,1,1,4,14,Apartment,864,1.0,2,1139,3720
Skyview,1,1,4,14,Apartment,864,2.0,2,1229,3720
Skyview,1,1,4,14,Apartment,864,2.0,2,1259,3720
Skyview,1,1,4,14,Apartment,864,2.0,3,1399,3720
Lower Mount Royal,0,1,2,12,Apartment,562,1.0,1,1500,1849
Lower Mount Royal,0,1,2,12,Apartment,769,1.5,2,1800,1849
Lower Mount Royal,0,1,2,12,Apartment,830,2.0,2,2150,1849
Lower Mount Royal,0,1,2,12,Apartment,450,1.0,2,1375,1849
Lower Mount Royal,0,1,2,12,Apartment,864,2.0,2,4000,1849
Crescent Heights,0,0,3,9,Apartment,550,1.0,1,985,680
Crescent Heights,0,0,3,9,Apartment,800,1.0,1,1195,680
Springbank Hill,1,1,2,14,Condo,900,2.0,2,1475,447
Mayland Heights,0,1,16,8,Condo,850,1.0,2,1295,467
Copperfield,0,1,0,15,House,1846,2.5,3,2200,804
West Hillhurst,1,1,2,11,Apartment,864,2.0,2,1850,883
West Hillhurst,1,1,2,11,Apartment,864,2.0,3,1850,883
West Hillhurst,1,1,2,11,Apartment,864,1.0,1,1500,883
Beltline,1,0,16,7,Condo,449,1.0,1,1250,700
Hillhurst,0,0,0,11,Basement,690,1.0,1,1150,503
Hamptons,0,1,0,18,Shared,1100,1.0,1,650,493
Mission,0,1,4,15,Condo,700,2.0,2,1600,827
Brentwood,0,1,4,12,Condo,864,2.0,2,1875,834
Willow Park,0,0,2,12,Apartment,864,1.0,1,899,847
Willow Park,0,0,2,12,Apartment,900,1.0,2,1049,847
Willow Park,0,0,2,12,Apartment,1000,1.0,3,1289,847
Willow Park,0,0,2,12,Apartment,864,1.0,2,749,847
Downtown,0,1,4,12,Apartment,1076,1.5,2,2050,719
Greenview,1,1,0,7,Apartment,645,1.0,1,1129,2186
Greenview,1,1,0,7,Apartment,570,1.0,1,1249,2186
Greenview,1,1,0,7,Apartment,876,2.0,2,1429,2186
Greenview,1,1,0,7,Apartment,886,2.0,2,1459,2186
Greenview,1,1,0,7,Apartment,864,1.5,2,1219,2186
Bowness,0,0,0,13,Main,900,1.0,2,1199,1216
Beltline,0,0,2,3,Apartment,650,1.0,1,800,1087
North Glenmore Park,0,0,0,11,Shared,1050,2.0,1,600,563
West Hillhurst,1,0,4,13,Condo,913,1.0,2,1500,2147
Garrison Green,0,1,10,10,Condo,900,2.0,2,1600,1315
Southview,0,0,0,4,Basement,1050,1.0,2,795,579
Tuscany,0,0,0,23,Shared,1500,3.5,5,550,1587
Victoria Park,1,1,11,12,Condo,909,2.0,2,1750,1103
Brentwood,0,0,0,15,Shared,1000,1.0,3,1500,1977
Glenbrook,0,1,1,10,Apartment,1200,1.0,2,1200,1031
Springbank Hill,0,0,0,14,Apartment,1100,1.0,2,1595,518
Lower Mount Royal,0,0,2,4,Apartment,676,1.0,1,1075,529
Lower Mount Royal,0,0,2,4,Apartment,683,1.0,1,1100,529
Lower Mount Royal,0,0,2,4,Apartment,864,1.0,2,1250,529
Coral Springs,1,0,0,9,Townhouse,864,1.5,3,1399,3242
South Calgary,0,0,0,13,Basement,864,1.0,2,999,397
Aspen Woods,0,0,0,16,Basement,864,1.0,1,1100,1224
Kincora,1,1,8,14,Apartment,864,1.0,1,1125,4468
Kincora,1,1,8,14,Apartment,864,1.0,2,1125,4468
Kincora,1,1,8,14,Apartment,864,2.0,2,1229,4468
Kincora,1,1,8,14,Apartment,864,2.0,2,1489,4468
Kincora,1,1,8,14,Apartment,864,1.0,1,1125,4468
Kincora,1,1,8,14,Apartment,864,1.0,2,1125,4468
Kincora,1,1,8,14,Apartment,864,2.0,2,1229,4468
Kincora,1,1,8,14,Apartment,864,2.0,2,1489,4468
East Village,1,1,15,19,Townhouse,1550,2.5,2,3200,1474
Sunalta,0,0,1,6,Apartment,864,1.0,2,800,732
Dalhousie,0,0,0,8,Townhouse,920,2.0,3,1400,702
Rosscarrock,1,0,0,5,Main,864,1.0,2,1125,1000
Montgomery,0,0,0,2,House,732,1.0,2,1250,529
Beltline,0,1,16,15,Condo,768,1.0,2,1650,518
Mission,1,1,0,14,Condo,860,1.0,2,1400,900
Panorama Hills,0,1,0,13,Condo,880,2.0,2,1350,3
Dover,0,1,0,17,Townhouse,1438,3.5,3,1695,435
Mayland Heights,1,0,0,10,Main,864,1.0,2,1350,1040
Sunalta,0,0,2,9,Apartment,470,1.0,1,800,1338
Sunnyside,1,0,1,5,Apartment,864,1.0,2,1300,1037
-1,1,0,0,20,Townhouse,864,2.0,3,1670,554
Crescent Heights,0,1,2,20,Apartment,605,1.0,1,1650,1798
Crescent Heights,0,1,2,20,Apartment,636,1.0,1,1675,1798
Crescent Heights,0,1,2,20,Apartment,911,1.0,2,1430,1798
Crescent Heights,0,1,2,20,Apartment,911,1.0,2,1450,1798
Crescent Heights,0,1,2,20,Apartment,756,1.0,1,1275,1798
Crescent Heights,0,1,2,20,Apartment,792,1.0,1,1290,1798
Crescent Heights,0,1,2,20,Apartment,850,1.0,2,1420,1798
Crescent Heights,0,1,2,20,Apartment,896,1.0,2,1430,1798
Crescent Heights,0,1,2,20,Apartment,913,1.0,2,1430,1798
Crescent Heights,0,1,2,20,Apartment,896,1.0,2,1440,1798
Crescent Heights,0,1,2,20,Apartment,850,1.0,2,1450,1798
Crescent Heights,0,1,2,20,Apartment,913,1.0,2,1450,1798
South Calgary,0,0,0,12,Shared,1200,1.5,1,1200,1105
Eau Claire,0,1,19,17,Apartment,914,2.0,2,1800,1677
Beltline,0,1,2,17,Condo,750,1.0,1,1390,624
Shawnessy,0,1,0,25,Condo,1200,1.5,1,1350,1482
Charleswood,1,0,0,10,Basement,864,1.0,2,1100,552
Beltline,0,0,12,6,Condo,590,1.0,1,1400,1098
Southview,0,0,0,10,Main,1300,1.0,3,1199,1616
South Calgary,0,0,0,16,Apartment,350,1.0,2,1211,1413
Parkdale,0,0,2,15,Apartment,864,2.0,2,1600,263
Woodlands,1,0,0,12,Apartment,864,1.0,1,1069,1467
Woodlands,1,0,0,12,Apartment,864,1.0,2,1039,1467
Marlborough,0,0,0,8,Basement,864,1.0,2,1100,137
Cornerstone,1,1,6,7,Apartment,632,1.0,1,1150,2045
Cornerstone,1,1,6,7,Apartment,901,2.0,2,1350,2045
Cornerstone,1,1,6,7,Apartment,811,1.5,3,1400,2045
Cornerstone,1,1,6,7,Apartment,721,2.0,2,1300,2045
Cornerstone,1,1,6,7,Apartment,645,1.0,2,1175,2045
Cornerstone,1,1,6,7,Apartment,907,2.0,3,1500,2045
East Village,0,1,22,10,Condo,1213,2.0,2,2600,1403
Mayland Heights,0,0,0,10,Main,1006,1.0,3,1300,531
Royal Oak,0,1,8,9,Condo,679,1.0,1,1100,698
Stanley Park,0,1,0,21,House,2620,2.0,5,2600,2744
Huntington Hills,1,0,0,13,Basement,972,1.0,3,1100,1249
Inglewood,1,1,0,14,Loft,956,1.5,1,1900,1188
Southview,0,0,0,10,Townhouse,864,1.5,2,1000,801
Lakeview,0,1,0,9,Basement,950,1.0,3,1050,923
Erlton,0,1,8,17,Condo,864,2.0,2,1850,1360
Spruce Cliff,1,0,0,6,Basement,864,1.0,2,850,665
West Springs,1,1,2,10,Condo,1120,2.5,2,2000,1119
Brentwood,0,0,5,10,Apartment,1000,1.0,2,1200,1257
Royal Oak,0,1,6,8,Condo,700,1.0,1,1200,714
Redstone,1,1,0,14,Duplex,1563,2.5,3,1625,817
Beltline,0,1,10,15,Condo,950,2.0,2,2000,1235
Beltline,0,1,9,9,Condo,900,2.0,2,1695,932
Forest Lawn,1,0,0,8,Main,1000,1.0,3,1095,530
Palliser,1,0,1,12,Apartment,864,1.0,1,1019,1531
Palliser,1,0,1,12,Apartment,864,1.0,2,1059,1531
Montgomery,0,0,0,12,Shared,864,1.0,1,600,805
Victoria Park,1,1,4,9,Condo,592,1.0,1,1250,653
Fonda,1,0,0,13,Main,864,1.0,2,1250,1046
Banff Trail,0,0,0,14,Basement,1200,1.0,3,825,288
Victoria Park,0,1,11,14,Condo,821,2.0,2,1900,67
Mount Pleasant,0,0,0,19,House,864,1.5,3,1700,830
Eau Claire,0,1,5,7,Apartment,580,1.0,1,1050,559
Eau Claire,0,1,5,7,Apartment,800,1.0,2,1300,559
Eau Claire,0,1,5,7,Apartment,580,1.0,1,1025,559
Eau Claire,0,1,5,7,Apartment,580,1.0,1,1075,559
Eau Claire,0,1,5,7,Apartment,800,1.0,2,1250,559
Eau Claire,0,1,5,7,Apartment,800,1.0,2,1275,559
Spruce Cliff,0,1,17,15,Condo,983,2.0,2,1595,1297
Downtown,0,1,7,12,Condo,700,1.0,1,1450,1248
Beddington,0,0,0,11,Basement,864,1.0,2,1330,899
Temple,0,0,0,11,Basement,864,1.0,2,995,439
Monterey Park,0,0,0,22,Basement,864,1.0,3,1000,327
Redstone,1,1,0,11,Basement,593,1.0,1,850,459
Lower Mount Royal,0,0,3,10,Apartment,864,1.0,2,950,1101
New Brighton,0,1,0,19,House,2100,3.5,4,2600,2528
Mission,1,1,2,20,Condo,586,1.0,1,1550,621
Bowness,0,0,0,11,Townhouse,864,1.5,2,1275,1326
Bowness,0,0,0,11,Townhouse,864,1.5,2,1300,1326
Bridgeland,0,0,0,3,Apartment,864,1.0,2,995,343
Highwood,0,0,0,6,Basement,864,1.0,2,895,377
Bowness,0,0,0,6,Basement,850,1.0,2,797,752
Signal Hill,0,0,0,18,Main,1500,2.5,2,1500,550
-1,0,0,0,16,Condo,864,1.0,2,1195,335
Lakeview,0,1,0,3,House,864,2.0,3,3000,1124
Beltline,0,0,6,4,Apartment,866,1.0,2,1250,530
Beltline,0,0,6,4,Apartment,610,1.0,1,1050,530
Beltline,0,0,6,4,Apartment,973,1.5,2,1350,530
South Calgary,0,1,0,6,Condo,1200,2.0,2,1375,248
Bankview,1,0,1,16,Apartment,864,1.0,2,1195,337
Bankview,1,0,1,16,Apartment,864,1.0,1,950,337
Bankview,1,0,1,16,Apartment,864,1.0,2,800,337
Bowness,1,0,0,12,Townhouse,1080,1.5,3,1185,1248
Downtown,0,1,7,17,Condo,800,1.0,1,1450,631
Glenbrook,0,0,0,8,Basement,850,1.0,2,700,346
Coventry Hills,1,0,0,13,House,864,2.0,3,1450,854
Glendale,0,0,0,17,Shared,1203,2.0,5,700,1376
Bowness,1,0,1,13,Townhouse,1350,2.0,3,1325,1494
Ranchlands,0,0,0,11,Condo,864,1.0,2,1095,283
Panorama Hills,0,0,0,10,Shared,864,1.0,1,450,722
Glenbrook,1,1,0,15,House,940,2.0,2,2200,873
Cliff Bungalow,0,0,0,8,Apartment,600,1.0,1,995,906
Cliff Bungalow,0,0,0,8,Apartment,600,1.0,1,1050,906
Mount Pleasant,1,1,1,8,Condo,864,2.0,2,1550,990
Beltline,1,0,6,10,Condo,860,2.0,2,1550,716
Beltline,1,0,4,7,Condo,500,1.0,1,1250,1434
New Brighton,0,1,0,16,Townhouse,1200,2.5,3,1545,1620
Lower Mount Royal,0,0,1,6,Apartment,600,1.0,1,850,786
Victoria Park,1,1,13,12,Condo,550,1.0,1,1600,1463
Highland Park,0,0,0,10,Basement,864,2.0,3,1000,831
Bowness,0,0,0,14,Condo,1000,1.0,2,1150,1067
Dalhousie,1,1,0,12,House,1960,2.0,3,2200,838
Bowness,0,0,0,6,Apartment,925,1.0,2,1025,1336
Mckenzie Towne,0,1,4,16,Condo,850,1.0,2,1350,143
New Brighton,0,1,0,16,House,1750,2.5,3,1850,620
Rutland Park,0,0,0,10,Townhouse,1100,2.0,3,700,621
Brentwood,0,1,3,10,Apartment,864,1.0,1,1295,825
Kelvin Grove,0,1,0,12,Condo,1164,1.0,2,1300,573
Radisson Heights,1,0,0,11,Basement,864,1.0,1,895,900
West Hillhurst,1,0,0,11,House,864,2.0,2,1600,856
Lower Mount Royal,0,1,4,11,Apartment,924,1.5,2,1425,767
Lower Mount Royal,0,1,4,11,Apartment,924,1.5,2,1395,767
Lower Mount Royal,0,1,4,11,Apartment,550,1.0,1,1145,767
Lower Mount Royal,0,1,4,11,Apartment,613,1.0,1,1195,767
Lower Mount Royal,0,1,4,11,Apartment,613,1.0,1,1245,767
Lower Mount Royal,0,1,4,11,Apartment,633,1.0,1,1245,767
Lower Mount Royal,0,1,4,11,Apartment,633,1.0,1,1245,767
Lower Mount Royal,0,1,4,11,Apartment,924,1.5,2,1345,767
Lower Mount Royal,0,1,4,11,Apartment,924,1.5,2,1345,767
Lower Mount Royal,0,1,4,11,Apartment,931,1.5,2,1450,767
Lower Mount Royal,0,1,4,11,Apartment,918,1.5,2,1495,767
Lower Mount Royal,0,1,4,11,Apartment,924,1.5,2,1545,767
Lower Mount Royal,0,1,4,11,Apartment,924,1.5,2,1595,767
Sage Hill,0,0,0,8,Basement,864,1.0,1,1150,1069
Dover,0,0,0,7,Shared,950,1.0,1,450,677
Lower Mount Royal,0,0,2,10,Condo,864,1.0,1,1200,1123
Hillhurst,1,1,2,17,Condo,864,1.0,1,1450,1157
Greenview,1,0,0,10,Townhouse,1100,1.0,3,1275,1636
Haysboro,0,1,9,9,Apartment,895,1.0,1,1350,184
South Calgary,0,0,0,10,House,864,1.0,2,1950,989
Thorncliffe,0,0,0,13,Shared,1300,2.0,1,390,526
Hillhurst,0,0,6,10,Apartment,894,1.0,2,1200,961
Downtown,1,1,2,16,Condo,818,2.0,2,1750,1365
Forest Lawn,1,0,0,14,Main,864,1.0,3,1195,422
Copperfield,1,0,0,22,House,864,1.5,3,1850,1016
Kincora,1,1,0,9,Condo,765,2.0,2,1250,300
Bankview,1,0,0,14,Condo,864,2.0,2,1150,1164
Oakridge,1,1,0,16,Condo,982,1.0,2,1535,1216
Spruce Cliff,0,0,0,12,Basement,1000,1.0,2,775,486
Mission,0,0,0,5,Condo,500,1.0,1,1049,784
Mount Pleasant,0,0,0,15,House,1800,2.5,3,1950,862
Cornerstone,0,0,0,15,Basement,750,1.0,2,1100,289
Taradale,0,0,0,10,Basement,864,1.0,2,700,321
Braeside,0,0,1,14,Condo,864,2.0,2,1200,956
Lower Mount Royal,0,0,2,10,Shared,950,1.5,2,650,296
Falconridge,0,0,0,8,Duplex,900,1.0,2,1000,265
Victoria Park,1,1,11,12,Condo,900,2.0,2,1800,1231
Beltline,0,1,2,9,Condo,650,1.0,1,1450,773
Forest Heights,1,0,0,12,Townhouse,864,2.0,3,1390,652
Victoria Park,0,1,13,10,Condo,560,1.0,1,1400,559
Whitehorn,0,0,0,9,Main,864,1.0,2,1100,582
Southwood,0,0,0,9,Duplex,864,1.0,2,875,282
Rundle,0,0,0,9,Basement,864,1.0,2,900,1175
Westgate,0,1,6,8,Apartment,864,1.0,2,1095,710
Sunalta,0,1,0,13,Basement,515,1.0,1,850,1360
Thorncliffe,0,1,0,11,Main,1100,1.0,3,1500,1000
Bankview,1,1,3,10,Condo,710,1.0,2,1325,762
Bowness,0,0,0,11,Townhouse,1186,3.5,4,1700,604
Highland Park,0,0,0,17,Basement,864,1.0,1,825,567
Mission,0,0,1,5,Shared,900,1.0,2,750,1063
Kingsland,0,0,0,12,Apartment,900,1.0,2,1000,191
Harvest Hills,0,1,0,6,Main,864,1.0,3,1490,395
Varsity,0,0,0,9,Shared,864,1.0,1,450,1614
Beltline,0,0,4,12,Condo,640,1.0,1,1275,1478
Copperfield,0,0,0,13,Shared,864,1.0,1,675,1464
Beltline,0,0,1,5,Apartment,550,1.0,1,975,276
East Village,0,0,6,15,Condo,465,1.0,1,1199,912
Saddle Ridge,0,1,4,14,Condo,1025,2.0,2,1400,1202
Brentwood,0,1,0,4,Main,1100,1.5,3,1350,497
Downtown,0,0,2,5,Apartment,369,1.0,2,850,514
McKenzie Towne,0,1,0,16,House,2500,4.5,5,3800,1447
Marlborough Park,0,0,0,7,Basement,864,1.0,1,700,225
Radisson Heights,0,0,0,8,House,864,2.0,5,1850,949
Sunalta,1,1,0,9,Condo,600,1.0,1,825,316
Dalhousie,0,0,0,5,Shared,2000,3.0,3,500,3554
Sage Hill,0,0,0,13,Basement,730,1.0,1,1000,1249
Sunalta,1,0,0,5,Apartment,864,1.0,1,1075,435
Sunalta,1,0,0,5,Apartment,864,1.0,1,1125,435
Sunalta,1,0,0,5,Apartment,864,1.0,2,1250,435
Charleswood,0,0,0,15,Shared,864,1.0,2,510,1384
Charleswood,0,0,0,22,Shared,864,1.0,1,700,1070
Thorncliffe,0,0,0,13,Townhouse,1100,1.5,3,1250,812
Capitol Hill,0,1,3,15,Townhouse,1664,2.5,3,2650,890
Acadia,0,0,0,2,House,864,1.0,3,1050,1476
Bankview,0,0,1,14,Apartment,864,1.0,1,1099,527
Sunalta,0,0,0,3,Apartment,864,1.0,1,850,413
Sunalta,0,0,0,3,Apartment,864,1.0,1,800,413
South Calgary,0,0,0,10,Apartment,1200,1.0,2,945,805
Downtown,0,0,4,5,Apartment,864,1.0,2,800,1211
Victoria Park,0,1,16,17,Condo,864,1.0,1,1495,1277
Dalhousie,0,1,0,10,Shared,1150,2.5,5,495,551
Mission,1,1,2,10,Apartment,925,1.0,2,2000,1112
Capitol Hill,0,1,1,19,Townhouse,1664,3.0,3,2600,536
Acadia,1,0,0,11,Basement,1000,1.0,1,1075,271
Radisson Heights,0,0,0,9,House,864,2.0,4,2025,1144
Banff Trail,0,0,1,10,Apartment,925,1.0,2,1095,660
Dalhousie,0,0,0,11,Shared,2000,1.0,1,450,1278
Lincoln Park,1,1,0,9,Condo,730,1.0,1,1195,1119
Panorama Hills,0,0,0,7,Shared,864,1.0,1,800,95
Evergreen,1,1,0,18,House,864,2.5,3,1885,1417
Sunnyside,0,1,3,12,Apartment,864,1.0,1,880,711
Kincora,0,1,0,9,House,864,3.5,5,2500,372
Sunalta,0,0,3,6,Apartment,600,1.0,2,725,499
Brentwood,0,1,8,10,Condo,864,1.0,2,1350,1431
Mission,0,0,1,7,Apartment,864,1.0,2,725,500
East Village,0,0,16,12,Shared,730,1.0,1,850,835
Mayland Heights,0,0,0,12,Shared,864,1.0,1,550,287
Sunalta,0,0,3,10,Apartment,864,1.0,1,900,526
Sunalta,0,0,3,10,Apartment,864,1.0,1,900,526
Tuxedo Park,1,1,2,13,Apartment,531,1.0,1,1235,2026
Tuxedo Park,1,1,2,13,Apartment,531,1.0,1,1245,2026
Tuxedo Park,1,1,2,13,Apartment,545,1.0,1,1255,2026
Tuxedo Park,1,1,2,13,Apartment,545,1.0,1,1265,2026
Tuxedo Park,1,1,2,13,Apartment,566,1.0,1,1275,2026
Tuxedo Park,1,1,2,13,Apartment,563,1.0,1,1285,2026
Tuxedo Park,1,1,2,13,Apartment,563,1.0,1,1290,2026
Tuxedo Park,1,1,2,13,Apartment,563,1.0,1,1310,2026
Tuxedo Park,1,1,2,13,Apartment,780,1.5,2,1585,2026
Tuxedo Park,1,1,2,13,Apartment,1100,2.0,2,2475,2026
Downtown,0,1,14,22,Shared,750,2.0,2,1000,1215
Banff Trail,1,1,5,5,Shared,864,1.0,1,775,3488
Banff Trail,1,1,5,5,Apartment,864,1.0,2,940,3488
Rosscarrock,0,0,0,3,Apartment,864,1.0,2,1100,616
Panorama Hills,0,1,2,17,Apartment,897,2.0,2,1350,481
Mission,1,1,6,12,Apartment,535,1.0,1,1105,1683
Mission,1,1,6,12,Apartment,695,1.0,1,1174,1683
Mission,1,1,6,12,Apartment,830,1.0,2,1344,1683
Mission,1,1,6,12,Apartment,830,1.0,2,1388,1683
Mission,1,1,6,12,Apartment,965,2.0,2,1517,1683
Mission,1,1,6,12,Apartment,965,2.0,2,1542,1683
Mission,1,1,6,12,Apartment,1870,2.0,3,2699,1683
Mission,1,1,6,12,Apartment,430,1.0,2,1044,1683
Beltline,0,1,4,10,Apartment,1070,1.5,2,1290,893
Marlborough,0,0,0,4,Main,864,2.0,5,1250,726
Beltline,0,0,0,10,Apartment,400,1.0,1,850,1546
Beltline,1,1,0,10,Apartment,830,2.0,2,1595,942
Skyview,1,0,0,6,Apartment,641,1.0,1,1098,1097
Skyview,1,0,0,6,Apartment,851,1.0,2,1217,1097
Skyview,1,0,0,6,Apartment,945,2.0,2,1281,1097
Skyview,1,0,0,6,Apartment,1040,2.0,2,1327,1097
Skyview,1,0,0,6,Apartment,1057,2.0,3,1373,1097
Sunnyside,0,0,3,8,Apartment,625,1.0,1,925,1286
Sunnyside,0,0,3,8,Apartment,625,1.0,1,1195,1286
Sunnyside,0,0,3,8,Apartment,1050,1.5,2,1295,1286
Sunnyside,0,0,3,8,Apartment,625,1.0,1,995,1286
Kincora,0,1,2,6,Condo,864,2.0,2,1290,659
Banff Trail,1,1,6,9,Apartment,864,1.0,2,1550,2748
Banff Trail,1,1,6,9,Apartment,864,1.0,2,1045,2748
Varsity,0,1,0,16,Apartment,864,2.0,2,1595,694
Beltline,0,1,16,17,Condo,1250,2.0,2,3600,1605
West Springs,0,1,2,10,Condo,675,1.0,1,1450,1558
Haysboro,1,0,1,8,Condo,950,1.0,2,1150,525
Bankview,0,0,2,14,Apartment,800,1.0,2,1150,525
Skyview,0,1,2,14,Condo,998,2.0,2,1500,1409
Beltline,1,0,2,11,Apartment,856,1.0,2,1200,964
Downtown,0,1,2,7,Condo,855,2.0,2,1550,1361
Ranchlands,0,0,6,13,Apartment,695,1.0,1,910,707
Ranchlands,0,0,6,13,Apartment,890,1.0,2,1030,707
Ranchlands,0,0,6,13,Apartment,1065,1.0,3,1190,707
Downtown,0,1,3,11,Apartment,707,1.0,1,1400,264
West Springs,0,1,2,8,Condo,675,1.0,1,1500,1358
Beltline,1,1,4,9,Apartment,702,1.0,1,1400,1318
Brentwood,0,0,0,12,Shared,1150,2.0,6,475,876
Pineridge,1,0,0,9,Main,1500,2.0,3,1299,516
Beltline,0,1,4,11,Apartment,970,1.0,2,1245,484
Richmond/Knob Hill,1,1,0,7,House,864,1.0,2,1445,934
-1,1,1,2,12,Condo,885,2.0,2,1600,1960
Inglewood,0,0,0,9,Basement,864,1.0,1,900,1345
Fairview,0,0,0,14,Basement,975,1.0,1,795,1239
Varsity,0,1,0,12,House,1560,2.5,3,2050,1257
Lincoln Park,0,1,6,13,Condo,700,1.0,1,1375,795
McKenzie Towne,0,1,0,7,Condo,864,2.0,2,1400,485
Canyon Meadows,0,0,0,10,Townhouse,1205,1.0,2,1300,756
Parkdale,0,0,0,17,Basement,864,1.0,2,1000,756
Altadore,1,1,0,15,Condo,864,2.0,2,1395,668
Shaganappi,0,1,2,10,Condo,750,2.0,2,1650,858
Rundle,0,0,0,3,Shared,864,1.0,1,340,475
Highland Park,0,0,3,9,Apartment,600,1.0,1,825,882
Varsity,0,0,0,2,Apartment,850,1.0,2,1150,884
Connaught,1,1,4,10,Shared,800,1.0,1,925,1237
Altadore,1,0,0,19,Condo,650,1.0,1,1250,1096
Downtown,0,1,4,10,Condo,566,1.0,1,1100,766
Country Hills Village,0,1,2,9,Condo,850,2.0,2,1350,950
Southview,1,0,0,18,Main,1050,1.0,3,1250,788
Marlborough,0,1,0,4,Main,864,1.5,3,1600,749
Spruce Cliff,0,0,0,12,Condo,958,1.5,3,1495,900
Millrise,0,1,19,8,Condo,930,2.0,2,1425,1227
Spruce Cliff,0,1,7,17,Condo,975,1.0,1,1650,1084
Brentwood,0,1,8,12,Condo,864,1.0,2,1500,340
Renfrew,0,0,2,8,Condo,950,1.0,2,1250,625
East Village,0,0,4,9,Apartment,864,1.0,1,950,679
Sunnyside,0,0,0,8,Apartment,2021,1.0,1,1000,472
Sunnyside,0,0,0,8,Apartment,2021,1.0,2,1175,472
Sunnyside,0,0,0,8,Apartment,864,1.0,1,950,472
Sunnyside,0,0,0,8,Apartment,864,1.0,2,1150,472
Sunnyside,0,0,0,8,Apartment,864,1.0,3,1600,472
Sunnyside,0,0,3,11,Apartment,825,1.0,2,1195,1189
Lower Mount Royal,0,0,0,9,Condo,650,1.0,1,1100,450
Bridgeland,0,1,4,8,Apartment,900,1.0,2,1650,808
Mission,1,1,4,10,Condo,759,1.5,1,1690,1421
Saddle Ridge,0,1,0,16,House,2400,2.5,3,2000,84
Tuxedo Park,0,1,0,10,Townhouse,864,2.5,3,2100,696
Beltline,0,0,12,7,Condo,864,1.0,1,850,765
Haysboro,0,0,0,11,Basement,864,1.0,2,1000,168
Bankview,0,1,0,23,Townhouse,2100,3.5,3,3200,2429
Bankview,0,0,3,5,Apartment,864,1.0,2,1050,538
Bankview,0,0,3,5,Apartment,864,1.0,2,1050,538
Bankview,0,0,0,9,Basement,900,1.0,1,700,419
Eau Claire,0,1,8,10,Apartment,1110,2.0,2,2200,496
Glenbrook,0,0,0,8,Condo,1100,1.0,3,1500,1590
Cornerstone,1,1,6,11,Condo,632,1.0,1,1200,487
Hillhurst,0,1,1,3,Apartment,864,1.0,2,1125,879
Haysboro,0,1,4,15,Apartment,713,1.0,1,1200,1153
Quarry Park,1,1,1,7,Apartment,864,1.0,1,1319,1822
Quarry Park,1,1,1,7,Apartment,864,1.0,2,1769,1822
Currie Barracks,0,1,2,12,Condo,754,1.0,2,1550,903
Taradale,0,0,0,7,Shared,864,1.0,1,400,273
Ogden,0,0,0,11,Basement,864,1.0,1,850,478
Haysboro,1,0,3,6,Apartment,864,1.0,1,1050,516
Haysboro,1,0,3,6,Apartment,678,1.0,1,1150,516
Haysboro,1,0,3,6,Apartment,864,1.0,2,1250,516
Downtown,0,1,13,10,Condo,648,1.0,1,1300,2204
Downtown,0,1,13,10,Condo,714,1.0,1,1400,2204
Beltline,0,1,19,10,Apartment,589,1.0,1,1650,1335
Braeside,1,0,0,9,Apartment,864,1.0,2,1225,2606
Braeside,1,0,0,9,Townhouse,864,1.0,2,1300,2606
Braeside,1,0,0,9,Townhouse,864,1.0,2,1350,2606
Marlborough,1,0,0,9,Apartment,864,1.0,1,1019,1424
Marlborough,1,0,0,9,Apartment,864,1.0,2,1099,1424
Temple,0,0,0,9,Main,840,1.0,2,1200,210
Country Hills,0,1,0,9,Basement,864,1.0,2,900,876
Beltline,0,1,2,15,Townhouse,1700,1.5,3,1795,1463
Downtown,1,1,4,6,Apartment,970,2.0,2,2200,1171
Downtown,1,1,9,11,Condo,1435,2.0,2,1850,783
Sunnyside,0,1,2,8,Condo,600,1.0,1,1550,786
Greenview,0,0,0,5,Apartment,854,1.0,2,1100,891
Victoria Park,0,1,13,16,Condo,890,2.0,2,2200,1124
Glenbrook,1,0,0,14,Duplex,1200,1.0,2,1250,241
Falconridge,0,0,0,10,Basement,864,1.0,2,775,543
Taradale,1,1,2,20,Condo,724,1.0,2,1500,2823
Montgomery,1,0,0,18,Basement,800,1.0,1,1050,540
Downtown,0,1,13,10,Condo,1067,2.0,2,3250,2430
Downtown,0,1,13,10,Apartment,545,1.0,1,1850,2430
Downtown,0,1,13,10,Condo,648,1.0,1,1950,2430
Downtown,0,1,13,10,Condo,714,1.0,1,2200,2430
Downtown,0,1,13,10,Condo,854,2.0,2,2750,2430
Sunalta,1,0,3,18,Townhouse,985,2.0,3,1450,1344
Inglewood,0,1,3,11,Condo,800,1.0,1,1650,957
Radisson Heights,1,0,4,4,Apartment,864,1.0,1,1149,1527
Radisson Heights,1,0,4,4,Apartment,864,1.0,1,1149,1527
Radisson Heights,1,0,4,4,Apartment,864,1.0,2,1259,1527
Radisson Heights,1,0,4,4,Apartment,864,1.0,2,1389,1527
New Brighton,0,0,0,16,Basement,864,2.0,2,1075,613
Charleswood,0,0,0,20,Shared,864,1.0,1,475,714
Brentwood,0,0,0,18,Shared,864,2.0,1,565,1926
Beltline,0,0,2,3,Apartment,864,1.0,2,1100,978
Beltline,0,0,2,3,Apartment,864,1.0,2,1100,978
Beltline,0,0,2,3,Apartment,864,1.0,2,1100,978
Beltline,0,0,2,3,Apartment,864,1.0,2,1100,978
Beltline,0,0,2,3,Apartment,864,1.0,2,1100,978
Evanston,0,0,0,3,Basement,864,1.0,1,925,1576
Kincora,0,0,4,10,Condo,564,1.0,1,1200,1160
Spruce Cliff,0,1,4,14,Condo,650,1.0,1,1150,474
Cornerstone,1,1,0,8,Duplex,1544,2.5,3,1625,815
Pineridge,0,0,0,4,Main,975,1.0,2,950,424
South Calgary,1,1,2,25,Condo,864,2.5,2,3100,4943
Capitol Hill,0,0,0,5,Main,710,1.0,2,900,263
Elboya,0,0,0,5,Condo,864,1.0,2,1000,494
Downtown,0,1,13,23,Apartment,854,2.0,2,1900,1530
Downtown,0,1,13,23,Apartment,996,2.0,2,2000,1530
Downtown,0,1,13,23,Apartment,1067,2.0,2,2200,1530
Downtown,0,1,13,23,Apartment,648,1.0,1,1250,1530
Downtown,0,1,13,23,Apartment,685,1.0,1,1600,1530
Downtown,0,1,13,23,Apartment,780,1.0,1,1875,1530
Downtown,0,1,13,23,Apartment,1096,2.0,2,2600,1530
Downtown,0,1,13,23,Apartment,1340,2.0,2,3150,1530
Downtown,0,1,13,23,Apartment,1444,2.0,2,3750,1530
Lower Mount Royal,1,1,5,10,Condo,764,1.0,2,1450,664
Kincora,0,0,0,8,Shared,864,1.0,1,560,615
Haysboro,0,1,7,9,Condo,1000,2.0,2,1600,339
Downtown,0,1,9,12,Condo,648,1.0,1,1450,1233
Whitehorn,0,0,0,13,Basement,1000,1.0,2,1000,657
Millrise,0,0,19,10,Condo,840,2.0,2,1650,1366
Lower Mount Royal,0,1,2,8,Apartment,864,1.0,2,1200,934
Altadore,0,0,1,17,Apartment,864,1.0,1,825,1437
Varsity,0,1,0,13,Main,864,1.0,2,1400,592
Inglewood,1,1,4,11,Condo,864,1.0,1,1950,1663
Skyview,0,1,0,16,Condo,904,2.0,2,1450,234
Rosscarrock,0,0,3,20,Condo,864,1.0,1,1600,923
Crescent Heights,0,1,1,6,Apartment,650,1.0,1,1200,549
Connaught,0,0,1,7,Condo,864,1.0,1,1300,523
Cornerstone,0,0,0,8,House,2195,3.0,4,1700,1204
Bridgeland,0,0,0,3,Basement,530,1.0,1,800,599
Sunalta,1,0,3,14,Condo,1100,2.0,3,1450,1338
Mission,0,0,2,5,Condo,864,1.0,1,930,695
Banff Trail,1,1,0,1,Apartment,864,1.0,1,972,1568
Banff Trail,1,1,0,1,Apartment,864,1.0,2,1175,1568
Victoria Park,0,1,11,15,Apartment,980,2.0,2,1895,631
Lower Mount Royal,0,0,2,5,Apartment,864,1.0,1,1075,3
Killarney,1,0,0,21,Duplex,1100,2.0,2,1675,1480
Thorncliffe,0,1,0,19,Basement,700,1.0,1,750,475
Spruce Cliff,1,1,16,23,Condo,1075,2.0,2,2000,468
Radisson Heights,0,0,0,10,Basement,900,1.0,2,900,1512
Beltline,0,0,3,21,Townhouse,850,1.0,1,1295,1264
Mission,0,1,1,5,Condo,864,1.0,1,1300,1115
Bankview,0,0,1,9,Apartment,950,1.0,2,1000,558
Sandstone,0,0,0,15,Basement,1200,1.0,2,1000,457
Applewood,0,1,8,12,Apartment,725,1.0,1,1375,2002
Applewood,0,1,8,12,Apartment,885,1.0,2,1350,2002
Applewood,0,1,8,12,Apartment,896,2.0,2,1375,2002
Applewood,0,1,8,12,Apartment,909,2.0,2,1375,2002
Applewood,0,1,8,12,Apartment,914,2.0,2,1375,2002
Applewood,0,1,8,12,Apartment,884,2.0,2,1425,2002
Applewood,0,1,8,12,Apartment,909,2.0,2,1425,2002
Applewood,0,1,8,12,Apartment,914,2.0,2,1425,2002
Applewood,0,1,8,12,Apartment,923,2.0,2,1425,2002
Applewood,0,1,8,12,Apartment,923,2.0,2,1425,2002
Applewood,0,1,8,12,Apartment,935,2.0,2,1425,2002
Applewood,0,1,8,12,Apartment,935,2.0,2,1425,2002
Applewood,0,1,8,12,Apartment,936,2.0,2,1425,2002
Applewood,0,1,8,12,Apartment,936,2.0,2,1425,2002
Applewood,0,1,8,12,Apartment,914,2.0,2,1475,2002
Applewood,0,1,8,12,Apartment,935,2.0,2,1475,2002
Applewood,0,1,8,12,Apartment,936,2.0,2,1475,2002
Applewood,0,1,8,12,Apartment,936,2.0,2,1525,2002
Applewood,0,1,8,12,Apartment,1004,2.0,2,1525,2002
Applewood,0,1,8,12,Apartment,1221,2.0,3,1625,2002
Beltline,1,0,9,9,Apartment,525,1.0,1,1440,3501
Beltline,1,0,9,9,Apartment,574,1.0,1,1679,3501
Beltline,1,0,9,9,Apartment,530,1.0,1,2150,3501
Beltline,1,0,9,9,Apartment,700,1.0,2,1775,3501
Beltline,1,0,9,9,Apartment,779,2.0,2,1890,3501
Beltline,1,0,9,9,Apartment,870,2.0,2,2400,3501
Beltline,1,0,9,9,Apartment,724,1.0,2,2450,3501
Beltline,1,0,9,9,Apartment,440,1.0,2,1199,3501
Beltline,1,0,9,9,Apartment,440,1.0,2,1700,3501
Applewood,1,1,8,10,Apartment,564,1.0,1,1100,2125
Applewood,1,1,8,10,Apartment,567,1.0,1,1100,2125
Applewood,1,1,8,10,Apartment,589,1.0,1,1100,2125
Applewood,1,1,8,10,Apartment,564,1.0,1,1200,2125
Applewood,1,1,8,10,Apartment,587,1.0,1,1200,2125
Applewood,1,1,8,10,Apartment,608,1.0,1,1200,2125
Applewood,1,1,8,10,Apartment,636,1.0,1,1200,2125
Applewood,1,1,8,10,Apartment,589,1.0,1,1225,2125
Applewood,1,1,8,10,Apartment,608,1.0,1,1225,2125
Applewood,1,1,8,10,Apartment,608,1.0,1,1225,2125
Applewood,1,1,8,10,Apartment,564,1.0,1,1250,2125
Applewood,1,1,8,10,Apartment,608,1.0,1,1250,2125
Applewood,1,1,8,10,Apartment,608,1.0,1,1250,2125
Applewood,1,1,8,10,Apartment,685,1.0,1,1250,2125
Applewood,1,1,8,10,Apartment,748,1.0,1,1300,2125
Applewood,1,1,8,10,Apartment,774,1.0,1,1450,2125
Applewood,1,1,8,10,Apartment,774,1.0,2,1375,2125
Applewood,1,1,8,10,Apartment,829,2.0,2,1400,2125
Applewood,1,1,8,10,Apartment,909,2.0,2,1450,2125
Applewood,0,1,5,12,Apartment,581,1.0,1,1050,2006
Applewood,0,1,5,12,Apartment,608,1.0,1,1175,2006
Applewood,0,1,5,12,Apartment,608,1.0,1,1175,2006
Applewood,0,1,5,12,Apartment,608,1.0,1,1175,2006
Applewood,0,1,5,12,Apartment,608,1.0,1,1225,2006
Applewood,0,1,5,12,Apartment,687,1.0,1,1225,2006
Applewood,0,1,5,12,Apartment,727,1.0,1,1275,2006
Applewood,0,1,5,12,Apartment,727,1.0,1,1375,2006
Applewood,0,1,5,12,Apartment,727,1.0,1,1375,2006
Applewood,0,1,5,12,Apartment,748,1.0,1,1375,2006
Applewood,0,1,5,12,Apartment,710,1.0,1,1400,2006
Applewood,0,1,5,12,Apartment,836,2.0,2,1400,2006
Applewood,0,1,5,12,Apartment,909,2.0,2,1425,2006
Applewood,0,1,5,12,Apartment,909,2.0,2,1425,2006
Applewood,0,1,5,12,Apartment,836,2.0,2,1475,2006
Applewood,0,1,5,12,Apartment,581,1.0,1,1050,2006
West Springs,0,1,2,7,Apartment,635,2.0,2,1550,1210
West Springs,0,1,2,7,Apartment,827,2.0,2,1700,1210
West Springs,0,1,2,7,Apartment,1111,2.0,2,1900,1210
West Springs,0,1,2,7,Apartment,1269,2.0,2,2150,1210
West Springs,0,1,2,7,Apartment,813,1.5,1,1800,1210
West Springs,0,1,2,7,Apartment,833,2.0,2,1700,1210
West Springs,0,1,2,7,Apartment,1111,2.0,2,1900,1210
West Springs,0,1,2,7,Apartment,1266,2.0,2,2150,1210
West Springs,0,1,2,7,Apartment,1178,2.0,3,2100,1210
West Springs,0,1,2,7,Townhouse,2020,3.0,3,2800,1210
Red Carpet,1,1,3,6,Apartment,744,1.0,2,1195,1043
Red Carpet,1,1,3,6,Apartment,831,1.0,2,1330,1043
Red Carpet,1,1,3,6,Apartment,679,1.0,1,1185,1043
Red Carpet,1,1,3,6,Apartment,542,1.0,1,1070,1043
Red Carpet,1,1,3,6,Apartment,576,1.0,1,1080,1043
Red Carpet,1,1,3,6,Apartment,624,1.0,1,1111,1043
Red Carpet,1,1,3,6,Apartment,646,1.0,1,1122,1043
Red Carpet,1,1,3,6,Apartment,763,1.0,1,1140,1043
Red Carpet,1,1,3,6,Apartment,605,1.0,1,1185,1043
Red Carpet,1,1,3,6,Apartment,763,1.0,2,1215,1043
Red Carpet,1,1,3,6,Apartment,800,1.0,2,1330,1043
Rosscarrock,0,0,0,8,Main,900,1.0,2,1400,489
Sunnyside,0,0,2,5,Apartment,864,1.0,1,1000,928
-1,1,1,2,3,Apartment,527,1.0,1,2439,1423
-1,1,1,2,3,Apartment,527,1.0,1,3019,1423
-1,1,1,2,3,Apartment,657,1.0,2,2619,1423
-1,1,1,2,3,Apartment,657,1.0,2,2769,1423
-1,1,1,2,3,Apartment,657,1.0,2,1709,1423
-1,1,1,2,3,Apartment,657,1.0,2,3659,1423
Tuscany,0,0,0,22,Shared,864,1.0,1,625,668
East Village,0,0,6,11,Condo,465,1.0,1,1450,1586
Crescent Heights,1,1,6,14,Apartment,864,1.0,1,1150,2526
Crescent Heights,1,1,6,14,Apartment,864,2.0,1,1550,2526
Crescent Heights,1,1,6,14,Apartment,864,1.0,2,1550,2526
Crescent Heights,1,1,6,14,Apartment,2021,1.0,1,1225,2526
Crescent Heights,1,1,6,14,Apartment,864,1.0,1,1300,2526
Crescent Heights,1,1,6,14,Apartment,864,1.0,1,1400,2526
Crescent Heights,1,1,6,14,Apartment,864,2.0,2,1750,2526
Renfrew,0,0,0,15,Apartment,864,1.0,3,1450,612
Killarney,1,1,2,11,Condo,1030,2.0,2,1795,847
Crescent Heights,0,0,1,3,Apartment,864,1.0,2,800,609
Eau Claire,1,1,4,6,Condo,732,1.0,1,1200,1007
Beltline,0,1,12,10,Apartment,860,1.0,2,1300,581
Kingsland,0,0,0,13,Apartment,864,1.0,2,1100,685
Whitehorn,0,0,0,6,House,1240,1.5,3,1400,467
Lower Mount Royal,0,0,1,7,Apartment,864,1.0,1,925,764
Dalhousie,0,1,0,19,Main,1000,1.0,3,1650,446
Cornerstone,1,1,0,8,Duplex,1544,2.5,3,1625,852
Kingsland,0,0,10,20,Apartment,864,1.0,1,1050,1983
Kingsland,0,0,10,20,Townhouse,864,1.5,3,1150,1983
Kingsland,0,0,10,20,Apartment,864,1.0,2,1250,1983
Aspen Woods,0,0,0,9,Basement,1600,1.0,2,2000,646
Rosscarrock,0,0,0,4,Basement,850,1.0,2,900,582
New Brighton,0,0,2,12,Shared,1100,2.0,2,600,824
Varsity,0,0,0,6,Shared,864,1.0,1,500,350
Mission,0,1,2,18,Condo,800,1.0,1,1695,1456
Killarney,1,1,1,12,Condo,924,2.0,2,1895,539
Coral Springs,0,0,0,14,Main,1050,2.0,3,1150,980
Mission,0,0,2,4,Apartment,864,1.0,2,1275,414
Cornerstone,1,1,0,6,Basement,587,1.0,1,850,446
Downtown,0,1,9,12,Apartment,635,1.0,1,1290,1227
Inglewood,0,0,6,5,Apartment,522,1.0,1,972,2853
-1,1,0,3,26,Apartment,1300,1.5,3,1450,1376
East Village,1,0,6,11,Condo,540,1.0,2,1200,786
Bridgeland,1,0,1,7,Apartment,450,1.0,2,850,177
Eau Claire,0,1,22,10,Condo,530,1.0,1,1500,1576
East Village,1,0,6,8,Condo,474,1.0,2,1049,847
Beltline,0,1,4,11,Condo,620,1.0,1,1050,460
Hillhurst,0,1,6,20,Condo,1626,2.0,2,2500,1180
Parkhill-Stanley Park,1,1,4,22,Townhouse,2100,3.0,3,3350,1593
Woodlands,1,0,0,12,Main,660,1.0,2,990,1367
Taradale,0,0,0,3,Basement,864,1.0,2,950,70
Dover,1,0,0,8,Main,864,1.0,3,1075,880
Eau Claire,0,1,14,12,Condo,625,1.0,1,1400,707
Temple,0,0,0,9,Condo,864,2.0,3,1300,3
Garrison Green,1,1,10,17,Condo,889,2.0,2,1570,711
Downtown,0,1,21,13,Apartment,1313,1.5,1,1600,816
Rosscarrock,0,0,0,4,Basement,864,1.0,2,1100,661
Victoria Park,0,1,11,12,Condo,900,2.0,2,1800,1567
Eau Claire,0,1,7,7,Apartment,853,2.0,2,1550,985
Haysboro,0,1,3,15,Condo,864,1.0,1,1350,400
Brentwood,0,0,0,16,Shared,864,2.0,1,540,1983
Rocky Ridge,0,0,0,19,Basement,800,1.0,1,995,1995
Edgemont,0,0,10,18,Condo,940,2.0,2,1450,1002
Lower Mount Royal,0,0,0,3,Apartment,864,1.0,1,875,520
Spruce Cliff,0,1,16,18,Condo,1200,2.0,2,2200,1915
Victoria Park,0,1,13,12,Condo,864,1.0,1,1280,1598
Connaught,0,1,2,14,Apartment,864,1.0,2,1495,1299
Bankview,1,1,1,8,Apartment,864,1.0,1,925,1197
Kingsland,0,0,0,10,Shared,1900,1.0,1,575,258
Beltline,0,1,4,6,Apartment,650,1.0,1,1050,973
Vista Heights,0,0,0,12,Townhouse,900,1.0,2,975,718
Kincora,0,1,8,10,Condo,864,1.0,2,1300,2053
Eau Claire,0,1,14,10,Condo,800,1.0,2,1500,1394
Sunalta,0,1,1,13,Condo,864,1.0,1,1100,491
Sage Hill,1,1,13,12,Apartment,1092,2.0,2,1720,710
Rosscarrock,0,0,0,8,Main,864,1.0,2,1200,520
Victoria Park,1,1,13,11,Condo,1000,1.0,1,1900,644
Haysboro,0,1,4,9,Condo,1093,2.0,2,1800,635
Beltline,0,0,3,7,Apartment,525,1.0,1,995,382
Sage Hill,0,1,2,13,Condo,964,2.0,3,1495,822
Redstone,0,1,0,23,House,2740,2.5,3,2850,968
Beddington,1,0,0,17,Main,1020,1.5,3,1395,1069
Spruce Cliff,0,1,13,20,Townhouse,864,2.5,2,2300,737
Marlborough Park,0,0,0,7,Basement,800,1.0,2,925,491
Beltline,0,1,4,6,Apartment,800,1.5,2,1300,1013
Kingsland,1,1,8,13,Apartment,571,1.0,1,1221,4133
Kingsland,1,1,8,13,Apartment,660,1.0,1,1295,4133
Kingsland,1,1,8,13,Apartment,687,1.0,1,1300,4133
Kingsland,1,1,8,13,Apartment,779,1.0,2,1444,4133
Kingsland,1,1,8,13,Apartment,825,2.0,2,1466,4133
Beltline,0,1,4,12,Apartment,864,1.0,1,925,1041
Beltline,0,1,4,12,Apartment,864,1.5,2,1245,1041
Downtown,0,0,6,7,Condo,465,1.0,1,1350,1174
Lower Mount Royal,1,1,0,8,Apartment,864,1.0,1,1100,489
Lower Mount Royal,1,1,0,8,Apartment,864,1.0,1,1150,489
Lower Mount Royal,1,1,0,8,Apartment,864,1.0,2,1250,489
Pineridge,0,0,0,3,Main,1120,1.5,3,1250,142
South Calgary,0,0,0,9,Townhouse,1501,2.5,3,2500,1413
Beltline,0,1,2,17,Condo,864,1.0,1,1495,319
Kingsland,1,1,8,16,Apartment,553,1.0,1,1280,4360
Kingsland,1,1,8,16,Apartment,864,1.0,1,1330,4360
Kingsland,1,1,8,16,Apartment,864,1.0,1,1371,4360
Kingsland,1,1,8,16,Apartment,864,1.0,2,1466,4360
Kingsland,1,1,8,16,Apartment,864,2.0,2,1501,4360
Kingsland,1,1,8,16,Apartment,473,1.0,1,1295,4360
Kingsland,1,1,8,16,Apartment,864,1.0,1,1320,4360
Kingsland,1,1,8,16,Apartment,864,1.0,1,1412,4360
Kingsland,1,1,8,16,Apartment,864,2.0,2,1527,4360
Kingsland,1,1,8,16,Apartment,864,2.0,2,1745,4360
Kingsland,1,1,8,16,Apartment,864,2.0,2,1805,4360
Beltline,0,0,19,10,Condo,570,1.0,1,1500,2054
Downtown,0,1,8,14,Condo,1000,2.0,2,1600,952
Evanston,0,1,0,15,Main,864,2.5,3,2000,876
Brentwood,0,1,0,15,House,2000,1.5,5,1895,788
Sage Hill,0,1,0,12,Condo,878,2.0,2,1500,612
Forest Lawn,1,0,0,9,Main,1200,1.0,3,1300,632
Acadia,0,0,0,9,Basement,864,1.0,1,700,235
Killarney,0,0,0,13,Basement,900,1.0,2,1195,1123
Haysboro,0,0,0,8,Basement,744,1.0,1,950,774
Parkhill-Stanley Park,1,0,0,10,Apartment,864,1.0,2,950,445
Westgate,0,0,0,17,Shared,950,2.0,6,595,1316
Skyview,0,1,6,12,Condo,950,2.0,2,1350,680
Killarney,0,0,0,20,Main,1000,1.0,3,1695,1135
Eau Claire,0,0,14,12,Condo,864,1.0,1,950,550
West Hillhurst,0,1,4,9,Apartment,864,1.0,1,1750,442
Lake Bonavista,0,1,11,14,Apartment,584,1.0,1,1250,1183
Albert Park,1,1,2,9,Condo,724,1.0,2,1250,990
Sherwood,0,1,0,19,House,2250,2.5,3,2150,338
Haysboro,0,1,9,17,Condo,1035,2.0,2,1600,1146
Varsity,0,1,3,10,Condo,828,1.0,1,1150,824
Bankview,0,0,1,15,Condo,550,1.0,1,1300,968
Skyview,0,1,6,16,Condo,821,2.0,2,1350,1874
Varsity,0,0,1,3,Shared,1200,1.0,2,480,357
Taradale,0,0,0,14,Shared,1140,2.0,3,500,285
Dover Glen,0,1,0,14,Main,1000,1.0,3,1250,687
Eau Claire,0,1,8,15,Condo,864,1.0,1,1500,1510
Inglewood,0,1,2,13,Condo,1055,2.0,2,1600,1618
Braeside,0,1,0,12,House,864,2.0,4,1750,1147
Downtown,0,1,11,20,Apartment,864,1.0,1,1695,463
Bankview,0,0,0,13,Basement,800,1.0,1,699,538
Cliff Bungalow,0,0,0,7,Main,750,1.0,1,1695,603
Patterson,0,1,0,16,Townhouse,1450,1.5,3,1500,943
Beltline,1,1,22,9,Condo,646,1.0,1,1450,425
Beltline,1,1,22,9,Apartment,646,1.0,1,1450,425
Eau Claire,0,1,8,20,Condo,1200,2.0,2,2100,155
Redstone,1,0,1,12,Shared,1100,2.5,2,750,3
Banff Trail,0,0,0,5,Shared,864,1.0,1,600,298
Bankview,0,1,0,17,Main,1000,1.0,3,1375,736
Brentwood,0,1,8,7,Condo,676,1.0,2,1350,501
Banff Trail,0,0,0,3,Main,864,1.0,2,1295,597
East Village,1,0,6,14,Apartment,864,1.0,2,1325,2276
Kingsland,0,0,1,9,Apartment,900,1.0,2,995,392
Royal Oak,0,0,0,14,Basement,850,1.0,1,850,805
Carrington,0,0,0,8,Basement,864,1.0,2,1150,748
Mission,0,1,2,9,Condo,1020,2.0,2,1600,746
Downtown,0,1,2,17,Loft,950,1.0,1,1625,605
Downtown,1,1,4,12,Condo,1000,2.0,2,1695,1472
Redstone,0,1,0,12,Duplex,1850,3.5,4,1750,1124
Mount Royal,0,0,2,5,Apartment,864,1.0,1,845,548
Mount Royal,0,0,2,5,Apartment,864,1.0,1,895,548
Mount Royal,0,0,2,5,Apartment,864,1.0,1,895,548
Mount Royal,0,0,2,5,Apartment,864,1.0,1,895,548
Mission,0,1,4,12,Condo,1000,2.0,2,1700,940
Victoria Park,0,1,5,9,Condo,539,1.0,1,1400,1284
Mission,1,0,1,7,Condo,600,1.0,1,1300,1098
Bridgeland,0,1,2,13,Condo,864,1.5,2,1650,658
Downtown,0,1,7,15,Apartment,1113,2.0,2,1700,592
Lower Mount Royal,1,1,0,4,Apartment,500,1.0,1,1095,773
Nolan Hill,1,1,8,10,Apartment,611,1.0,1,1190,642
Nolan Hill,1,1,8,10,Apartment,890,2.0,2,1485,642
Nolan Hill,1,1,8,10,Apartment,1024,2.0,3,1600,642
Saddle Ridge,0,0,0,10,Townhouse,1250,2.5,2,1250,22
Huntington Hills,1,0,1,4,Condo,1050,1.0,3,1200,325
Tuscany,0,0,0,20,Basement,900,1.0,1,900,762
Bankview,1,0,1,4,Apartment,789,1.0,2,1325,415
Bankview,1,0,1,4,Apartment,789,1.0,2,1350,415
Bankview,1,0,1,4,Apartment,864,1.0,1,1150,415
Bankview,1,0,1,4,Apartment,864,1.0,2,750,415
Downtown,0,1,5,7,Condo,700,1.0,1,1800,780
Downtown,0,1,6,14,Condo,1180,2.0,2,2400,1448
Bankview,1,0,0,5,Apartment,864,1.0,1,975,425
East Village,0,1,22,10,Condo,864,2.0,2,2400,1071
Beltline,0,1,2,11,Condo,670,1.0,2,1400,1176
Evanston,1,1,0,14,Townhouse,1400,2.5,3,1800,525
Rosscarrock,0,1,0,8,Main,1143,1.0,3,1375,552
Eau Claire,0,1,6,9,Condo,864,1.0,1,1695,456
Varsity,0,0,0,18,Townhouse,1047,1.0,2,1200,747
South Calgary,1,0,0,8,Apartment,550,1.0,1,875,847
Applewood,0,0,0,3,Shared,864,1.0,1,500,257
Huntington Hills,1,1,0,10,Main,864,1.5,3,1300,503
Sage Hill,0,1,0,12,Condo,864,2.0,2,1400,501
Beltline,0,1,16,21,Condo,854,2.0,2,2050,4095
Bridgeland,0,0,1,10,Apartment,864,1.0,2,1100,570
Kingsland,0,1,2,15,Condo,750,1.0,1,1300,1930
Haysboro,0,1,9,9,Condo,964,2.0,2,1575,1543
